-- phpMyAdmin SQL Dump
-- version 5.0.2
-- https://www.phpmyadmin.net/
--
-- Hôte : 127.0.0.1:3306
-- Généré le : mar. 08 mars 2022 à 09:39
-- Version du serveur :  8.0.21
-- Version de PHP : 8.0.7

SET SQL_MODE = "NO_AUTO_VALUE_ON_ZERO";
START TRANSACTION;
SET time_zone = "+00:00";


/*!40101 SET @OLD_CHARACTER_SET_CLIENT=@@CHARACTER_SET_CLIENT */;
/*!40101 SET @OLD_CHARACTER_SET_RESULTS=@@CHARACTER_SET_RESULTS */;
/*!40101 SET @OLD_COLLATION_CONNECTION=@@COLLATION_CONNECTION */;
/*!40101 SET NAMES utf8mb4 */;

--
-- Base de données : `gestion`
--

-- --------------------------------------------------------

--
-- Structure de la table `customers`
--

DROP TABLE IF EXISTS `customers`;
CREATE TABLE IF NOT EXISTS `customers` (
  `id` int NOT NULL AUTO_INCREMENT,
  `name` varchar(255) CHARACTER SET utf8mb4 COLLATE utf8mb4_unicode_ci NOT NULL,
  `address` varchar(255) CHARACTER SET utf8mb4 COLLATE utf8mb4_unicode_ci DEFAULT NULL,
  `phone1` int DEFAULT NULL,
  `phone2` int DEFAULT NULL,
  `phone3` int DEFAULT NULL,
  PRIMARY KEY (`id`)
) ENGINE=InnoDB AUTO_INCREMENT=122 DEFAULT CHARSET=utf8mb4 COLLATE=utf8mb4_unicode_ci;

--
-- Déchargement des données de la table `customers`
--

INSERT INTO `customers` (`id`, `name`, `address`, `phone1`, `phone2`, `phone3`) VALUES
(1, 'ACCES', '14 RUE DU PETIT ROCHER 77870 VULAINES-SUR-SEINE', 160716239, NULL, NULL),
(2, 'AD Diffusion', '20 Rue des Sablons, 77300 Fontainebleau', NULL, NULL, NULL),
(3, 'ADALLIE', '10, rue Paul DOUMER  77000 MELUN', 164090909, NULL, NULL),
(4, 'AF2J', '6 Rue de Malesherbes, 77760 Ury', 160726186, NULL, NULL),
(5, 'Aigle Noir Hotel', '27 Place Napoléon Bonaparte, 77300 Fontainebleau', 160746000, NULL, NULL),
(6, 'Air Concept Industrie / Air Concept', '20 rue des Campanules, 77185 Lognes', NULL, NULL, NULL),
(7, 'Alamercery Architecte', 'Rue du Château, 77300 Fontainebleau', 160709631, NULL, NULL),
(8, 'ARDI Carrelage-Maçonnerie', NULL, 169212001, NULL, NULL),
(9, 'Almage', NULL, NULL, NULL, NULL),
(10, 'Alizé Automobiles', '16 Av. de Fontainebleau, 77930 Chailly-en-Bière', 160660606, NULL, NULL),
(11, 'Arthur Loyd', NULL, NULL, NULL, NULL),
(12, 'Attila', NULL, NULL, NULL, NULL),
(13, 'Auditech', NULL, NULL, NULL, NULL),
(14, 'Au Bonheur Des Dames', 'Adresse : 24, rue du 23 Août, 77630 BARBIZON', NULL, NULL, NULL),
(15, 'Baco', NULL, NULL, NULL, NULL),
(16, 'Berard Garage', '46 Quai Hippolyte Rossignol, 77000 Melun', NULL, NULL, NULL),
(17, 'BNI', NULL, NULL, NULL, NULL),
(18, 'Bonnet', NULL, NULL, NULL, NULL),
(19, 'Boskowitz', NULL, NULL, NULL, NULL),
(20, 'Bosviel', NULL, NULL, NULL, NULL),
(21, 'Bras Droit Du Dirigeant', '77123 Tousson', NULL, NULL, NULL),
(22, 'Burotic Diffusion', NULL, NULL, NULL, NULL),
(23, 'CA TOURNE', NULL, NULL, NULL, NULL),
(24, 'Calmecom', NULL, NULL, NULL, NULL),
(25, 'Cap Terra', '6 Rue du Marchais, Hameau de Meun, 77760 Achères-la-Forêt', 603390847, NULL, NULL),
(26, 'Centre Spirituel des Frères Carmes', '1 rue Frère Jacques 77210 AVON', 160722845, NULL, NULL),
(27, 'CEDEP', NULL, NULL, NULL, NULL),
(28, 'Ceka Services', '53 Rue du 4 Septembre, 77810 Thomery', 160700882, NULL, NULL),
(29, 'Cent Dix Pour Cent', NULL, NULL, NULL, NULL),
(30, 'Cervinia FIAT', '560 Impasse Epinette, 77240 VER SAINT DENIS', 164093756, NULL, NULL),
(31, 'CFH', NULL, NULL, NULL, NULL),
(32, 'Churingo', NULL, NULL, NULL, NULL),
(33, 'Le Clos Fleuri', '12 Rue du Parc, 77520 Donnemarie-Dontilly', 160673464, NULL, NULL),
(34, 'COPILOT', NULL, 625942173, NULL, NULL),
(35, 'Mairie de Coutevroult', 'Rue de l\'Église, 77580 Coutevroult', 160045363, 603809249, NULL),
(36, 'CR Electricité', NULL, 160721544, NULL, NULL),
(37, 'FONDAP - ANCIEN DAPOIGNY', '29 Pl. Napoléon Bonaparte, 77300 Fontainebleau', 164224202, NULL, NULL),
(38, 'Docteur Bouquin', NULL, NULL, NULL, NULL),
(39, 'Domicile Clean', '15, passage ronsin 77300 FONTAINEBLEAU', 164223811, NULL, NULL),
(40, 'DPL Renault', 'DPL Avon, Garage du Centre', 164695656, NULL, NULL),
(41, 'DPL HONDA', 'Mareuil', 160247635, NULL, NULL),
(43, 'Dupliconcept', NULL, NULL, NULL, NULL),
(44, 'E2TH', NULL, NULL, NULL, NULL),
(45, 'ESAT', '7bis, AVENUE DE LA LIBÉRATION, 77000 Melun', 164373462, NULL, NULL),
(46, 'Eless', NULL, NULL, NULL, NULL),
(47, 'Elessemo', '2 Bis Avenue Jean Jaurès, 77000 Melun', 164106520, NULL, NULL),
(48, 'Epaves Service', NULL, NULL, NULL, NULL),
(49, 'Escomel', NULL, NULL, NULL, NULL),
(50, 'Favre', NULL, NULL, NULL, NULL),
(51, 'Le Fertois Auto', '43 Avenue de Verdun, 72 400 La Ferté-Bernard', 243601515, NULL, NULL),
(52, 'Foncière', NULL, NULL, NULL, NULL),
(53, 'Fossard', '20 RUE GUERIN 77300   FONTAINEBLEAU', 164222268, NULL, NULL),
(54, 'Groupe Maurin', NULL, NULL, NULL, NULL),
(55, 'Hotel Napoleon', NULL, NULL, NULL, NULL),
(56, 'Hotel Vitctoria', NULL, 160749000, NULL, NULL),
(57, 'IDES', '2 Rue du Moulin À Vent, 77590 Chartrettes', 164871013, NULL, NULL),
(58, 'Imprimerie Artisanale', NULL, NULL, NULL, NULL),
(59, 'INALZA', NULL, NULL, NULL, NULL),
(60, 'INDERFLEX TECHNOFLEX', '6 RUE DES CHAMPARTS  77820 LE CHATELET-EN-BRIE', 160666182, NULL, NULL),
(61, 'Industrelec_Smetc', NULL, NULL, NULL, NULL),
(62, 'IB Transactions / Praedium Patrimoine', '34, rue Grande, 77300 Fontainebleau', 160745640, NULL, NULL),
(63, 'INTEGRAL PRO', NULL, NULL, NULL, NULL),
(64, 'Inxtensia', '111 RUE DE LA CROIX NIVERT 75015 PARIS', NULL, NULL, NULL),
(65, 'IPSB', '44 Avenue de Valvins, 77210 Avon', 160397247, NULL, NULL),
(66, 'Jakobwicz Hôtel des ventes de Melun', NULL, NULL, NULL, NULL),
(67, 'Karma', '6 bis rue du bois Gasseau, 77210 Samoreau', 160715858, NULL, NULL),
(68, 'La Solle', NULL, NULL, NULL, NULL),
(69, 'LALIQUE BEAUTY SERVICES', 'CHEMIN DU MONT A GRILLONS, 77760 URY', NULL, NULL, NULL),
(70, 'Landmann', NULL, NULL, NULL, NULL),
(71, 'Larue', NULL, NULL, NULL, NULL),
(72, 'Lassagne', NULL, NULL, NULL, NULL),
(73, 'L\'Atelier Graphique', NULL, NULL, NULL, NULL),
(74, 'L\'Atelier Graphique', NULL, NULL, NULL, NULL),
(75, 'Les amis du château', NULL, NULL, NULL, NULL),
(76, 'Loca 45 / CAC75', '9, rue du Patis, 45200 Montargis', NULL, NULL, NULL),
(77, 'Mairie de Recloses', NULL, NULL, NULL, NULL),
(78, 'Lycée André Malraux', '4 Avenue du Lycée, 77130 Montereau-Fault-Yonne', 164707171, NULL, NULL),
(79, 'Lycée Thibaut de Champagne', '3 Rue du Collège, 77160 Provins', 164003333, NULL, NULL),
(80, 'Mairie Flagy', NULL, NULL, NULL, NULL),
(81, 'Maître Corinne Manlius', '1 Rue des Mazières, 91000 Évry-Courcouronnes', 188248351, NULL, NULL),
(82, 'May', NULL, NULL, NULL, NULL),
(83, 'Mommeja', NULL, NULL, NULL, NULL),
(84, 'MS2P', NULL, NULL, NULL, NULL),
(85, 'Naga', NULL, NULL, NULL, NULL),
(86, 'Nestenn (Solvimo - Basset Immo)', '49 Avenue Franklin Roosevelt, 77210 Avon', 160390958, NULL, NULL),
(87, 'NetMakers', NULL, NULL, NULL, NULL),
(88, 'Cabinet D\'Ornano (Philippe et Béatrice)', '44 Rue Sadi Carnot 77810 Thomery', 160390464, NULL, NULL),
(89, 'Maison de Retraite Les Patios', '6 Boulevard Voltaire, 77370 Nangis', 164080239, NULL, NULL),
(90, 'Pizza', NULL, NULL, NULL, NULL),
(91, 'Philippon', '1, rue Montchavant 77250 MORET LOING ET ORVANNE (ECUELLES)', 160705409, NULL, NULL),
(92, 'PMS Investissements', NULL, NULL, NULL, NULL),
(93, 'Ponthierry Automobiles', 'Route de Maison Rouge, 77310 Saint-Fargeau-Ponthierry', 164895656, NULL, NULL),
(94, 'Propimex', NULL, NULL, NULL, NULL),
(95, 'Risco', NULL, NULL, NULL, NULL),
(96, 'Sajaloc', NULL, NULL, NULL, NULL),
(97, 'Samcf', NULL, NULL, NULL, NULL),
(98, 'SCI du 126', NULL, NULL, NULL, NULL),
(99, 'ESPACE SELLERIE', NULL, NULL, NULL, NULL),
(100, 'SIROM', NULL, NULL, NULL, NULL),
(101, 'SORVIM', NULL, NULL, NULL, NULL),
(102, 'Start', NULL, NULL, NULL, NULL),
(103, 'STF', NULL, NULL, NULL, NULL),
(104, 'Taverne', NULL, NULL, NULL, NULL),
(105, 'Technosanté', NULL, NULL, NULL, NULL),
(106, 'Tous Nettoyages', NULL, NULL, NULL, NULL),
(107, 'Transport Fabre', NULL, NULL, NULL, NULL),
(108, 'Triostores', NULL, NULL, NULL, NULL),
(109, 'TS-Idf', NULL, NULL, NULL, NULL),
(110, 'Tybraz', '26 Rue des Cailloux, 77880 Grez-sur-Loing', 164457620, NULL, NULL),
(111, 'Tybask', NULL, NULL, NULL, NULL),
(112, 'Visual Harmony', NULL, NULL, NULL, NULL),
(113, 'Wandesk', NULL, NULL, NULL, NULL),
(114, 'HOTEL CHEVILLON', '2 rue Carl Larsson, 77880 Gretz-sur-Loing', 164459345, NULL, NULL),
(115, 'CREED', 'URY', NULL, NULL, NULL),
(116, 'WALDORF (Parnasse)', NULL, NULL, NULL, NULL),
(117, 'COSNIER', NULL, NULL, NULL, NULL),
(118, 'Samois WIFI (Richard)', NULL, NULL, NULL, NULL),
(119, 'Fichot', NULL, NULL, NULL, NULL),
(120, 'Grand Café', 'Fontainebleau', NULL, NULL, NULL),
(121, 'Cymbeline For Ever', '2 rue Gambetta Espace Gambetta 2ème étage 77210 AVON', NULL, NULL, NULL);

-- --------------------------------------------------------

--
-- Structure de la table `doctrine_migration_versions`
--

DROP TABLE IF EXISTS `doctrine_migration_versions`;
CREATE TABLE IF NOT EXISTS `doctrine_migration_versions` (
  `version` varchar(191) CHARACTER SET utf8 COLLATE utf8_unicode_ci NOT NULL,
  `executed_at` datetime DEFAULT NULL,
  `execution_time` int DEFAULT NULL,
  PRIMARY KEY (`version`)
) ENGINE=InnoDB DEFAULT CHARSET=utf8 COLLATE=utf8_unicode_ci;

--
-- Déchargement des données de la table `doctrine_migration_versions`
--

INSERT INTO `doctrine_migration_versions` (`version`, `executed_at`, `execution_time`) VALUES
('DoctrineMigrations\\Version20210503153301', '2021-05-03 15:33:32', 31),
('DoctrineMigrations\\Version20210504095712', '2021-05-04 09:58:20', 43),
('DoctrineMigrations\\Version20210614143051', '2021-06-14 14:31:14', 223),
('DoctrineMigrations\\Version20210614143820', '2021-06-14 14:38:24', 205),
('DoctrineMigrations\\Version20210614201732', '2021-06-14 20:17:51', 87),
('DoctrineMigrations\\Version20210615122722', '2021-06-15 12:28:08', 63),
('DoctrineMigrations\\Version20210617201702', '2021-06-17 20:17:24', 42);

-- --------------------------------------------------------

--
-- Structure de la table `documentation`
--

DROP TABLE IF EXISTS `documentation`;
CREATE TABLE IF NOT EXISTS `documentation` (
  `id` int NOT NULL AUTO_INCREMENT,
  `customers_id_id` int DEFAULT NULL,
  `document` longtext CHARACTER SET utf8mb4 COLLATE utf8mb4_unicode_ci,
  PRIMARY KEY (`id`),
  UNIQUE KEY `UNIQ_73D5A93B4CA4FD72` (`customers_id_id`)
) ENGINE=InnoDB AUTO_INCREMENT=64 DEFAULT CHARSET=utf8mb4 COLLATE=utf8mb4_unicode_ci;

--
-- Déchargement des données de la table `documentation`
--

INSERT INTO `documentation` (`id`, `customers_id_id`, `document`) VALUES
(1, 2, '<p>20 Rue des Sablons, 77300 Fontainebleau</p><p>Centre commercial Paul Cézanne 47 bd Charles de Gaulle, 91540 Mennecy</p><p>Fenêtres, portes, portails…</p><p>____________________________</p><h4>&nbsp;Centre de gestion des licences en volume de Microsoft</h4><p><strong>Nom de l\'entreprise du client final: </strong>AD-DIFFUSION<br><strong>Numéro d\'autorisation: </strong>95957113ZZS1710<br><strong>Numéro de licence: </strong>65951687<br><strong>Date de la licence: </strong>2015-10-29<br>________________________________</p><p><a href=\"http://192.168.99.10/Clients/Addiffusion/Technique/Licences%20TSE/Licence%20Microsoft%20-%20AD%20DIFFUSION.htm\">Licence Microsoft TSE - AD DIFFUSION</a><br><br>&nbsp;</p><h3>Netasq :&nbsp;</h3><p><a href=\"http://192.168.99.10/Clients/Addiffusion/Technique/Fontainebleau/Netasq/\">Fontainebleau Netasq</a><br><br><a href=\"http://192.168.99.10/Clients/Addiffusion/Technique/Mennecy/Netasq/\">Mennecy Netasq</a><br><br><a href=\"http://192.168.99.10/Clients/Addiffusion/Technique/Nemours/Netasq/\">Nemours Netasq</a><br><br><strong>PABX</strong> : Adresse IP fixe : 192.168.20.15<br><br><a href=\"http://192.168.99.10/Clients/Addiffusion/Technique/Nemours/VPN/\">VPN Nemours</a><br>_________________________________________________________________________________________________<br><br><strong>Acronis</strong><br>&nbsp;</p><p>compte&nbsp;: addiffusionnemours</p><p>mot de passe&nbsp;: !Addiffusion77</p><p>&nbsp;</p>'),
(2, 1, '<h3>&nbsp;<strong>Serveurs :</strong></h3><p><br>Administrateur / *Tac210!<br>Serveur Compta (Ancien) : 192.1686.1.2<br>Serveur 2016 Standard : 192.168.1.69<br><br>SYNOLOGY<br>XEROXADMIN / Xrx.Cyb1$AC!<br>IP : 192.168.1.150<br>Port : 4401<br><br>QUICKCONNECT :<br>http://srv-acces77.quickconnect.to/<br>&nbsp;</p><p><br>&nbsp;</p>'),
(3, 3, '<p>ORPI :</p><p>Support technique : 04 26 78 41 03</p><p>Relation adhérent ORPI France (012 080)<br>01 53 80 99 99</p><p>--------------------------------------------------------------------------------------<br>&nbsp; &nbsp; Réseau Adallie<br>--------------------------------------------------------------------------------------<br>OVH &nbsp;tel support: 1007<br>Référence Client OVH : HC96979<br><br><strong>FIBRE</strong><br>- Accès : xdsl-hc96979-4<br>&nbsp;&nbsp; &nbsp;- IP : <strong>109.190.57.89</strong><br>&nbsp;&nbsp; &nbsp;- Adresse : 10 RUE PAUL DOUMER, 77000 MELUN<br>&nbsp;&nbsp; &nbsp;- Numero de ligne : 0164384796</p><p>Comptes Exchange<br><strong>hc96979-ovh / Jsth7ntc</strong><br>Gestion OverTheBox - OVH<br>Accès : http://192.168.1.64/cgi-bin/luci/admin/network/network/if3<br>Id : root<br>Mdp : I4cDoumeR<br><br>Routeur Fibre ZIXEL&nbsp;<br>Id : admin<br>Mdp : Adallie11<br>&nbsp;-----------------------------------------------------------------------------------------------------------------------<br>&nbsp;<strong>Configuration réseau</strong></p><p><br><strong>Switch Cisco 2960G</strong><br>Vlan 1 : inutilisé<br>Vlan 2 : data<br>Vlan 3 : voice<br>Vlan 4 : dmz</p><p>gi0/1-21 : access vlan data<br>gi0/22-24 : access vlan dmz</p><p><strong>@IP</strong></p><p>data : 172.26.1.0/24<br>dmz : 192.168.1.0/24 gw : 192.168.1.64<br>voice : ???<br>_________________________________<br>&nbsp;<br><strong>Routeur FOTINET/VPN</strong><br>172.26.1.254:11443 (Pate Adallie) &nbsp;/<br>192.168.1.221 (Pate WAN) /&nbsp;<br>192.168.2.193 (Pate Immobiliere du Palais)<br>&nbsp;<br>admin : I4cDoumeR<br>Inter VLAN Routing Activé, pour impressions<br><br>&nbsp;Attention la patte DMZ doit toujours être en DHCP pour être conforme aux exigences du routeur OverTheBox.<br>Les données de la PKI pour créer les certificats OpenVPN est dans /root/adallie<br><br>---------------------------------------------------------------------------------------------------------------<br><br><strong>&nbsp; &nbsp; &nbsp; &nbsp; &nbsp; &nbsp; &nbsp; &nbsp; &nbsp; &nbsp; &nbsp; &nbsp; &nbsp; &nbsp; &nbsp; &nbsp; &nbsp; &nbsp; &nbsp; &nbsp; &nbsp; &nbsp; &nbsp; &nbsp; &nbsp; &nbsp; &nbsp; &nbsp; &nbsp; &nbsp; &nbsp; &nbsp; &nbsp; &nbsp; &nbsp; &nbsp; &nbsp; &nbsp; &nbsp; &nbsp; &nbsp; &nbsp; &nbsp; &nbsp; &nbsp; &nbsp; &nbsp; &nbsp; &nbsp;VPN</strong><br><br><i><strong>&nbsp;CREATION TUNNEL VPN FORTIGATE :</strong></i><br><a href=\"https://docs.fortinet.com/document/fortigate/6.0.0/cookbook/786021/configuring-the-ipsec-vpn\">https://docs.fortinet.com/document/fortigate/6.0.0/cookbook/786021/configuring-the-ipsec-vpn</a><br>Port et Protocoles :<br><a href=\"https://docs.fortinet.com/document/fortigate/6.4.0/ports-and-protocols/788212/forticlient-open-ports\">https://docs.fortinet.com/document/fortigate/6.4.0/ports-and-protocols/788212/forticlient-open-ports</a></p><p>&nbsp;</p><h3><strong>CONNEXION VPN FORTI CLIENT</strong></h3><p>Windows<br><a href=\"https://filestore.fortinet.com/forticlient/downloads/FortiClientVPNOnlineInstaller_6.2.exe\">https://filestore.fortinet.com/forticlient/downloads/FortiClientVPNOnlineInstaller_6.2.exe</a><br><br>MACOS<br><a href=\"https://filestore.fortinet.com/forticlient/downloads/FortiClientVPNOnlineInstaller_6.2.dmg\">https://filestore.fortinet.com/forticlient/downloads/FortiClientVPNOnlineInstaller_6.2.dmg</a><br><br>IP Publique<br>109.190.57.89<br><br>bertrand / B3rtr@nd<br>claire / Cl@ir3<br>cecile / C3c1l3<br><br>keep / !K33pC077@<br><br>Clé pré-partagée Keep<br>!KeepC077<br><br>Clé prépartagée<br>@D@ll1377!<br><br>Destination - Subnet<br>172.26.1.0/24<br><br>Client adresse range<br>172.26.1.60-172.26.1.100<br><br>FortiGate &nbsp;&nbsp; &nbsp;<br>Remote IPsec VPN access &nbsp;&nbsp; &nbsp;<br>UDP/IKE 500, ESP (IP 50), NAT-T 4500<br><br>Ouverture port si routeur pas bridge<br>1701 / 4500 / 500<br><br>-------------------------------------------------------------------------------------------------<br>MailJet (Ne sert à rien)<br>Login : <a href=\"mailto:bbv@adallie.fr\">bbv@adallie.fr</a><br>MDP : Ad@llie77</p><p>&nbsp;--------------------------------------------------------------------------------------------------<br>&nbsp;</p><p><strong>Serveur proxmox</strong><br>vmbr0/eth0 : vlan dmz<br>vmbr1/eth1 : vlan data 172.26.1.2<br>Accès&nbsp;: <a href=\"https://172.26.1.2:8006/\">https://172.26.1.2:8006</a> ou SSH<br>root : c0tesd3nuIT<br><br>SI la VM est lock taper en ligne de commande sur le serveur :<br>&nbsp;qm unlock 101<br>&nbsp;</p><p>----------------------------------------------------------------------------------------------<br>&nbsp;</p><p>&nbsp;<strong>NAS Synology</strong><br>@IP : 172.26.1.5<br>admin : P@ssworD0306*</p><p>-------------------------------------------------------------------------------------------<br>&nbsp;</p><h2>Windows 2012R2</h2><p>&nbsp;</p><p>adallie\\administrateur : !Orp1Ad@llie!<br>Restauration services AD : @daLL13</p><h2>Routeur Linux/VPN DESACTIVE</h2><p>SSH à l’adresse 172.26.1.254<br>root : Sens3ofPriDe<br><br>--------------------------------------------------------------------------------------------------------------------------<br>IMPRIMANTE COPIEUR RDC :&nbsp;<br>172.26.1.XX<br>Propriété de l\'imprimante → onglet “De base” → Authen utilisateur → mot de passe → 1234 → vérifier → ok → appliquer</p><p>&nbsp;PONTHIERRY COPIEUR&nbsp;<br>Gmail :<br><a href=\"mailto:orpi.ponthierry.copieur@gmail.com\">orpi.ponthierry.copieur@gmail.com</a> / !Ad@ll1e77!<br>Mot de passe des applications moins sécurisé : youodorxawhayasf<br><br><br>C<strong>OMPTES MAIL ORPI SANS ZIMBRA CONNECTOR</strong></p><p>Nouveau Compte ---&gt; Nom@orpi.com<br>Cocher la case ---&gt; Configuration manuelle<br>Cliquer ---&gt; Suivant<br><br>Connexion entrante : webmail.orpi.com&nbsp;&nbsp;<br>Connexion sortante : webmail.orpi.com<br>(laisser les ports détectés automatiquement)<br><br>Cliquer ---&gt; Suivant<br><br>Mettre le mot de passe du compte mail<br>Terminé<br>&nbsp;</p><p><strong>COMPTES UTILISATEUR ADALLIE</strong></p><p>Julie (Stagiaire)&nbsp;: jul / Adallie11&nbsp; &nbsp;&nbsp;&nbsp;&nbsp;&nbsp;&nbsp;&nbsp;&nbsp;&nbsp;&nbsp;&nbsp;&nbsp;&nbsp;&nbsp;&nbsp; =&gt; Syndic – Gestion - Commun<br>Philippe Rizzo&nbsp;: pri / Adallie11&nbsp;&nbsp;&nbsp; &nbsp;&nbsp;&nbsp;&nbsp;&nbsp;&nbsp;&nbsp;&nbsp;&nbsp;&nbsp;&nbsp;&nbsp;&nbsp;&nbsp;&nbsp; =&gt; Syndic - Gestion - Transaction - Commun<br>Marie Annick D..&nbsp;: mad / Adallie11&nbsp;&nbsp;&nbsp;&nbsp;&nbsp;&nbsp;&nbsp;&nbsp;&nbsp;&nbsp; =&gt; Syndic - Commun<br>Christell Martinho&nbsp;: cma / Adallie11&nbsp;&nbsp;&nbsp;&nbsp;&nbsp;&nbsp;&nbsp; =&gt; Syndic – Commun<br>Corinne Delavallée&nbsp;: cde / Adallie11&nbsp;&nbsp;&nbsp;&nbsp;&nbsp;&nbsp; =&gt; Syndic – Commun<br>Stephy Galli&nbsp;: sga / Adallie11&nbsp;&nbsp;&nbsp;&nbsp; =&gt; Syndic – Commun</p><p>_________________________________________________________________________________</p><p><br>IMMOBILIERE DU PALAIS<br><br>192.168.2.211 SRVA2P-IDP (Pas d\'acces ??)<br><br>Serveur Windows (192.168.2.205 SRV-PALAIS01)<br>&nbsp;AD, DNS, DHCP, Serveur de fichiers<br>Administrateur / @ABCDE<br><br>compta1 / immo = Chrystèle<br>compta2 / immo = Corinne<br>c.corinne / immo = Steffy<br>marie-annick / immo = Marie-Annick<br><br>Mappages ancien serveur IDP :<br>S: \\\\192.168.2.205\\Agence<br>T: \\\\192.168.2.205\\Scanner<br>Y: \\\\192.168.2.205\\Logique<br>Z: \\\\SRV\\4C_Commun\\scan_idp<br>&nbsp;</p><p>ORPI Ponthierry</p><p>Pilote Konica minolta INEO 224E / Fichier 55_6<br>&nbsp;Code imprimante<br>administrateur : 1234567812345678<br>impression couleur : 12345<br>impression : 1234 (à renseigner dans les paramètres d\'imprimante onglet “de base”)<br>Adresse IP : 192.168.1.100<br><br><br>ADALLIE PONTHIERRY<br>Box 4G Bouygues réseau internet&nbsp;<br>Ligne : 07 60 70 15 79<br>Contrat : 8.46551.10<br>Nom : 728747 Philippe Rizzo<br>Numéro support Bouygues Entreprise : 0825 825 617<br><br>SSID Bouygues : B535 - 5G<br>WIFI : imFYgh8dLRn<br>IP Routeur : 192.168.2.1<br>IP Range : 2.100 / 2.200<br>Mot de passe Routeur : Adallie11<br><br><br>Box ADSL OVH Zixel Téléphonie uniquement<br>&nbsp;</p>'),
(4, 4, '<p>&nbsp;<strong>HEBERGEMENT (Nom de domaine \"af2j.com\" + Messagerie) :</strong><br><br><a href=\"https://manager.hosteur.com/#/access/signin/\">https://manager.hosteur.com/#/access/signin/</a>&nbsp;&nbsp;&nbsp; : Gestion Hebergements<br><a href=\"https://webpanel.hosteur.com/webmail/roundcube/\">https://webpanel.hosteur.com/webmail/roundcube/</a> &nbsp;&nbsp;&nbsp; : Webmail&nbsp;&nbsp;&nbsp;<br><a href=\"https://webpanel.hosteur.com/panel/clients/index.php\">https://webpanel.hosteur.com/panel/clients/index.php</a>&nbsp;&nbsp;&nbsp; : Panel Gestion boites Mails<br><br>Nom d\'utilisateur : <strong>18344-HOSTEUR</strong> / Mot de passe : <strong>1jw47z48v</strong><br><br>Compte Mail :<br><br>contact@af2j.com / J@27052004!<br><br><strong>INFOS ORANGE :</strong><br><br>Compte Principal (Utilisé pour le serveur SMTP) : <strong>af2j0063@orange.fr</strong> / <strong>vc3t4ek</strong><br>Identifiant ADSL : fti\\<strong>hpbtb7e</strong> / <strong>kkk2e7r</strong><br><br>&nbsp;</p><p><strong>SYNOLOGY :</strong><br><br><br>URY</p><p>Quickconnect :</p><p>af2jbackup<br>jfoubert@af2j.com / af2j77300</p><p>ddns : af2jsyno.dynamic-dns.net</p><p>Admin / adminSyn0</p><p><strong>BACKUP Ury (Dossier Attic) vers Arbonne à 13:00 et 23:00 via HyperBackup et Hyper Backup Vault</strong></p><p>ARBONNE</p><p>Quickconnect :</p><p>BACKUPAF2J<br>jfoubert@af2j.com / af2j77300</p><p>ddns : af2jarbonne.synology.me</p><p>jeremy / Af2jSyn0<br>&nbsp;</p>'),
(5, 5, '<p><a href=\"http://192.168.99.10/Clients/Aigle%20noir/Technique/Abonnement%20free.pdf\">Abonnement Free</a><br><br>Serveur : administrateur&nbsp;&nbsp;&nbsp; !Ecotoner<br>192.168.2.2<br><br><br>Compte FTP : 2Go<br>Hôte : bk1.ecotoner.fr<br>Identifiant : ftp_aiglenoir<br>Mot de passe : @dieo@!&amp;45<br><br><br>Comptes E-Mail<br><br>Adresse&nbsp;&nbsp;&nbsp; : reception@aiglenoirhotel.com / Mot de passe : Blackeagle77<br><br>Adresse : aiglenoirhotelcommercial@gmail.com / Mot de passe : aiglenoir77<br><br><br><br>Webmail&nbsp;&nbsp;&nbsp; : https://ssl0.ovh.net/roundcube/<br><br>____________________________<br><br>PROTEL sur TSE (109.71.139.239 ou 10.90.0.3)<br>_________________________________<br>&nbsp;</p><figure class=\"table\"><table><tbody><tr><td>UTILISATEUR</td><td>LOGIN</td><td>MOT DE PASSE</td></tr><tr><td>Caroline Le Marec</td><td>Manager</td><td>RD12CL12&nbsp;</td></tr><tr><td>Richard Duvauchelle</td><td>mrdirecteur</td><td>230251O!</td></tr><tr><td>Michele Scott</td><td>mdedirecteur</td><td>260151O!</td></tr><tr><td>Hotel</td><td>hotel</td><td>!H0tel77!</td></tr><tr><td>Résidence</td><td>residence</td><td>!H0tel77!</td></tr><tr><td>Comptabilite</td><td>comptabilite</td><td>!Compt@77</td></tr><tr><td>Réception</td><td>reception</td><td>aiglenoir77</td></tr><tr><td>Gouvernante</td><td>gouvernante</td><td>300987O!</td></tr></tbody></table></figure>'),
(6, 6, '<p><strong>Livebox Pro V4 (Livebox-2e00)</strong></p><p><strong>admin / 634A7D97</strong></p><p><strong>___________________________________________________________</strong></p><p><strong>Photocopieur Xerox (192.168.130.199)</strong></p><p><strong>Admin / 1111</strong></p><p><strong>___________________________________________________________</strong></p><p><br>&nbsp;</p><p><strong>QNAP Air Concept Industrie (192.168.128.190)</strong></p><p><strong>Admin / YRBassila77</strong></p><p><strong>Yoan / Yoan77!</strong></p><p><strong>Rufin / Rufin77!</strong></p><p><strong>Valery / Valery77!</strong></p><p><strong>__________________________________________________________</strong><br>&nbsp;</p><p><br>&nbsp;</p><p>CISCO MERAKI MX64</p><h3>Meraki Dashboard account :</h3><p>bruno@ecotoner.fr / !@C1ndus77!<br>&nbsp;</p><p><br>&nbsp;</p><h3>Meraki Local account :</h3><p>admin / !77@C1ndus!</p><p><br><br><strong>Plan d\'adressage des machines :</strong><br><br>Adresse IPv4 : 192.168.128.*<br>Masque de ss réseau : 255.255.255.0<br>Passerelle par défaut : 192.168.128.1<br><br>Serveur DNS Préféré : 192.168.128.1<br>Serveur DNS Auxiliaire : 8.8.8.8</p><h2>&nbsp;</h2><h2><strong>Air Concept</strong></h2><p>QNAP Air Concept (192.168.129.191)</p><p>admin / princesse507</p><p>______________________________</p><p>Syno Air Concept (192.168.129.190)</p><p>XEROXADMIN / Xrx.Cyb1$AI!</p><p>______________________________</p><p><strong>Plan d\'adressage des machines :</strong><br><br>Adresse IPv4 : 192.168.129.*<br>Masque de ss réseau : 255.255.255.0<br>Passerelle par défaut : 192.168.129.1<br><br>Serveur DNS Préféré : 192.168.129.1<br>Serveur DNS Auxiliaire : 8.8.8.8</p>'),
(7, 7, '<p>admin_Login : ALAMERCERY\\Administrateur<br>mot de passe : !Laurent<br>alamercery.local ; IP : 192.168.5.10<br><br><br>Mail : alamercery.archi@free.fr / &nbsp;!12a38<br>&nbsp;&nbsp;&nbsp; agence.alamercery@gmail.com / !Enseigne77!<br><br><br>Synology (192.168.5.11)<br>Admin / !Laurent<br>Synology (192.168.5.12)<br>admin / !Laurent<br><br>Comptes Utilisateurs :<br>&nbsp;</p><ul><li>Laurent /&nbsp;!Laur3nt</li><li>Marie /&nbsp;!M@rie</li><li>Rémi /&nbsp;!R3mi!</li><li>Paulo /&nbsp;!Paul0</li><li>Constance /&nbsp;!Const@nce</li><li>Esther /&nbsp;!Esth3r</li></ul><p><br>QuickConnect :<br><a href=\"https://alamercery-backup.fr3.quickconnect.to/\">https://alamercery-backup.fr3.quickconnect.to/</a><br><a href=\"http://quickconnect.to/ALAMERCERY\">http://QuickConnect.to/ALAMERCERY</a><br>Compte Synology : alamercery.archi@free.fr / !Laurent77<br><br>Sauvegarde Hyperbackup vers \\\\192.168.5.58\\NAS_EXT<br>&nbsp;<br>NAS Seagate&nbsp;<br>192.168.5.58<br>admin/admin<br><br>Konica Minolta&nbsp;<br>192.168.5.201</p>'),
(8, 8, '<p>Identifiants MAIL<br>&nbsp;</p><p><a href=\"mailto:emmanuelle@ardi91.fr\">emmanuelle@ardi91.fr</a> / @TiOpe@!</p><p><a href=\"mailto:contact@ardi91.fr\">contact@ardi91.fr</a> / MZ73TYvSbw</p><p><a href=\"mailto:Contact.ardi91@gmail.com\">Contact.ardi91@gmail.com</a> / FERLAC04<br>&nbsp;</p>'),
(9, 14, '<p>Compte Acronis : dames / D@m3s!!!<br><br>Jeton enregistrement Acronis : FB9D-432B-4D21<br><br>Iso Récupération sur le PC de Bruno (M:\\iso\\Boot_media_aubonheurdesdames.iso)<br>&nbsp;</p><p><br>&nbsp;</p>'),
(10, 16, '<p>\"Serveur\" : Windows 10 Pro (192.168.1.103)</p>'),
(11, 21, '<p>NAS Synology (DS218 Play, 2* 1TB)<br><br>NAS_BDDD / Administrator / !BDDD77tousson!<br><br>Fabrice / !Fabr1c377!<br><br>Claire / !Cla1r377!<br>---------------------------------------------------------------<br>Clés Windows 10 PRO :<br><br>Claire : MJXT4-NQ7KF-J3MPD-TBHRK-JXCKG<br>Fabrice : K8N3G-Y8FJH-CD7CX-D83QX-C7JXG</p>'),
(12, 26, '<p>Outlook 2013 Frères Carmes : Licence&nbsp;: 3XJHV-DYN88-HQ9M3-D4WCR-F6WBF</p><p>Adresse mail&nbsp;: <a href=\"mailto:frere.carme@outlook.com\">frerescarmes@live.fr</a>&nbsp;&nbsp;&nbsp; &nbsp;&nbsp;&nbsp; &nbsp;&nbsp;&nbsp; &nbsp;&nbsp; Carmel77</p><p>MDP&nbsp;:&nbsp;!spirituel@</p><p>Adresse de secours&nbsp;: <a href=\"mailto:contact@ecotoner.fr\">contact@ecotoner.fr</a></p><p>Question de sécurité&nbsp;: lieu de naissance de ma mère&nbsp;: avon77</p><p>\\\\nasaccueil&nbsp;&nbsp;&nbsp; &nbsp;&nbsp;&nbsp; admin&nbsp;&nbsp;&nbsp; !Ecotoner&nbsp;&nbsp;&nbsp; (NAS Lenovo)</p>'),
(13, 33, '<p>serveur1 &amp; serveur2&nbsp;&nbsp;&nbsp; mdp: Preu1lly!</p><p><strong>Serveur Physique : </strong><a href=\"http://192.168.99.10/Clients/Clos%20Fleuri/Devis/Serveur%20HP%20ML350%20DE240157.pdf\"><strong>Serveur HP ML350 DE240157.pdf</strong></a></p><p><strong>SN : CZ24060X9C</strong></p><p><strong>HP Support Technique Serveurs : 01 73 01 84 71</strong></p><p>Référence&nbsp;HDD : 15k SAS 600GB 653 952 (SN : 2C7350A1** / D8 / E4 / E5)</p><p>serveur1 : AD, DNS,DHCP. &nbsp;&nbsp;&nbsp; IP Fixe : 192.168.111.3/24. &nbsp;&nbsp;&nbsp; Passerelle : 198.168.11.254.&nbsp; &nbsp;&nbsp;&nbsp; DNS : 192.168.111.3 et 127.0.0.1 TeamViewer 8 Host : 196 860 176&nbsp;</p><p>serveur2 : 192.168.111.4</p><p>Patricia Fischer mdp : acad!18</p><p>Orange Business : Numero client : 60736069 : 01 60 58 12 09</p><p>_________________________________________________________________<br>&nbsp;</p><p>Osiris &nbsp;192.168.111.4<br><br>&nbsp;</p><figure class=\"table\"><table><tbody><tr><td>IDENTIFIANT</td><td>MDP</td><td>UTILISATEUR</td></tr><tr><td>Osiris1</td><td>osiris</td><td>Patricia</td></tr><tr><td>Osiris2</td><td>osiris</td><td>Psychologue</td></tr><tr><td>Osiris3</td><td>osiris</td><td>Aide Soignante</td></tr><tr><td>Osiris4</td><td>osiris</td><td>Fabienne</td></tr><tr><td>Osiris5</td><td>osiris</td><td>Medecin</td></tr><tr><td>Osiris6</td><td>osiris</td><td>Infirmière</td></tr><tr><td>Osiris7</td><td>osiris</td><td>Laurence</td></tr><tr><td>Osiris8</td><td>osiris</td><td>Roberte</td></tr><tr><td>Osiris9</td><td>osiris</td><td>Directrice</td></tr><tr><td>Osiris10</td><td>osiris</td><td>Portable</td></tr><tr><td>&nbsp;</td><td>&nbsp;</td><td>&nbsp;</td></tr><tr><td colspan=\"3\">Téléphone : 03.22.50.37.96</td></tr><tr><td colspan=\"2\">N° Contrat : 0401/C646</td><td>&nbsp;</td></tr><tr><td colspan=\"2\">N° Client : 101004981</td><td>&nbsp;</td></tr></tbody></table></figure><p>_________________________________________________________________________________________</p><p><strong>Berger Levrault</strong> : 13.30.02.00</p><p>Admin : Sandrine : 26061970</p><p>http://serveur2:8091/portailblresident&nbsp;&nbsp; &nbsp;&nbsp;&nbsp; &nbsp;Créer/Modifier compte via ce site et un compta avec pouvoirs.</p><p>Support : 0 820 02 02 02&nbsp;&nbsp;&nbsp; &nbsp;&nbsp;&nbsp; ID : 1024390</p><p>Utiliser interface admin (en bas à droite) pour créer et modifier compte <strong>epaie</strong> et <strong>efinancier</strong>.</p>'),
(14, 34, '<p>RICOH Aficio MP C2051 : voir firmware mise à jour</p><p>dfonte@copilot-idf.fr / dfonteDCF45idf</p><p>copilot45@hotmail.fr / 819049az</p>'),
(15, 35, '<p>WIFI MAIRIE<br>WifiCoutev77!!<br><br><br><strong>Serveur SYNOLOGY (Coutevroult-NAS)</strong> :</p><p><strong>Quickconnect : coutevroult@wanadoo.fr / C0ut3v77!</strong></p><p><br>Administrator / C0ut3v77!<br>Accueil / @ccu31l!<br>Technique / t3chn1qu3!<br>Compta / c0mpt@77!<br>Mrlemaire / mrl3m@1r377!<br>Adjoint / !@dj01nt77!<br>Urba / !urb@n1sm3!<br><br><strong>Mappages réseau</strong> :<br><br>H:&nbsp;&nbsp;&nbsp; \\\\SERVEUR-PC\\hsf<br>M:&nbsp;&nbsp;&nbsp; \\\\SERVEUR-PC\\Bureautique<br>S:&nbsp;&nbsp;&nbsp; \\\\SERVEUR-PC\\sls68<br>W:&nbsp;&nbsp;&nbsp; \\\\SERVEUR-PC\\\\jwap<br>X:&nbsp;&nbsp;&nbsp; \\\\SERVEUR-PC\\data<br><br><strong>SERVEUR-PC&nbsp;&nbsp;&nbsp; &nbsp;&nbsp;&nbsp; poste1 / 77580</strong><br>&nbsp;</p><p><strong>Photocopieur (192.168.1.225)</strong> :<br>Administrateur / admin</p><p><strong>Imprimantes Brother :</strong><br>Mot de passe : initpass&nbsp;<br><br><br>connexion sur <a href=\"https://www.ovh.com/fr/mail/\">https://www.ovh.com/fr/mail/</a><br>&nbsp; - <a href=\"mailto:direction@mairie-coutevroult.fr\">direction@mairie-coutevroult.fr</a><br>&nbsp;&nbsp;&nbsp;&nbsp; - mot de passe : vnxh54d/iU%</p><p><strong>Licence Office 2016 Pro Plus (x10) :</strong><br>PY9ND-X2BQG-23FX7-CW83G-FVV7M<br>7x Licences utilisées</p><p><strong>VISU DGFIP :</strong></p><p><strong>IYIJ-AERB-IZIK-RQXB</strong></p>'),
(16, 36, '<p>Comptes Mail :&nbsp;</p><p><a href=\"mailto:cr.automatisme@gmail.com\">cr.automatisme@gmail.com</a> / felix1971!<br><a href=\"mailto:cr.electricite@wanadoo.fr\">cr.electricite@wanadoo.fr</a> / felixclaro1967 (Bientôt abandonné)<br>Date naissance : 14/01/2000 → mail récupération : <a href=\"mailto:cr.electricite@wanadoo.fr\">cr.electricite@wanadoo.fr</a></p><p>-----------------------------------------------</p><p>Imprimante CANON<br>IP : 192.168.1.151<br><br>Imrpimante DYMO USB</p><p>-------------------------------------------------<br><br>Compte Microsoft Office<br>Licence : PYR8H-9FNJV-9FQ2M-JH6GB-BBFMF<br><br><a href=\"mailto:cr.electricite@live.fr\">cr.electricite@live.fr</a> / !Ecotoner77<br><br>Compte ubiquiti : <a href=\"mailto:julien@keep-connection.fr\">julien@keep-connection.fr</a> / !KeepC077</p>'),
(17, 37, '<p>LAN<br>Passerlle : 192.168.1.1<br>DNS 1 : 80.10.246.2<br>DNS 2 : 80.10.246.129<br><br>Serveur Windows 7 Pro<br>Utilisation Logiciel SPI<br>\\\\serveur<br>192.168.1.150<br>administrateur / !Dapoigny77<br><br>SYNOLOGY Bureaux<br>192.168.1.250<br>QuickConnect.to/orpi-dapoigny<br>192.168.1.200 / imprimante<br>administrateur / !Dapoigny77<br>utilisateur / !Dapoigny77<br>Guest / !Eco2Eco2@ (Accès uniquement pour SIMON pour récupérer sa sauvgarde)<br><br>Utilisateurs : !OrpiDapoigny77!<br><strong>Transaction :</strong><br>Julie.D<br>Aurore.C<br>Coline.AC<br>X.co</p><p><strong>Gestion :</strong><br>elisabeth.c</p><p><strong>Administration (Gestion/Transaction):</strong><br>Laurent.B<br>Chloé.D<br><br><strong>Session Utilisateurs</strong><br>administration / !Adm1nistration!<br>Gestion :/ !G3stion!<br>Transaction / !Tr@nsaction!<br><br>Dossiers PARTAGES<br>PARTAGE / SCAN / ECO2(simon) / BACKUP(Sauvegarde Serveur)<br><br>&nbsp;</p>'),
(18, 39, '<p>http://www.domicile-clean.fr/<br><br>&nbsp;</p><p><a href=\"mailto:vincent.bodnar@domicile-clean.fr\">vincent.bodnar@domicile-clean.fr</a></p><p><a href=\"mailto:vincent.bodnar@domicile-clean.fr\">&nbsp;________________________________________________________________</a></p><p>Internet via 2 boxes Kertel.<br><br>Imprimante : Brother MFC-9330CDW connecté via WIFI<br><br>WIFI : <i>SSID / </i>Fontainebleau77<br><br>Compte Gmail : <a href=\"http://192.168.99.10/clients/cleandomicile@gmail.com\">cleandomicile@gmail.com</a> / Fontainebleau77<br><br>Compte Microsoft : cleandomicile@gmail.com / Fontainebleau77&nbsp;&nbsp;&nbsp; &nbsp;&nbsp;&nbsp; (Contient 3 licences Office)<br><br>mot de passe session windows Vincent : 12071998<br><br>Elodie : 06 32 45 77 41<br><br>______________________________________________________________<br><br>Licence Office Elodie :</p><p><strong>W2XTN-GFDCG-XXVT3-9GM66-VCFD9</strong></p><p><br>&nbsp;</p>'),
(19, 40, '<p>Liste des sites : <a href=\"http://192.168.99.10/Clients/DPL/listes%20des%20Ets.xls\">listes des Ets.xls</a></p><p>&nbsp;</p><h2><a href=\"http://192.168.99.10/clients/Garages/Garage%20du%20Centre%20Avon.html\">DPL Avon, Garage du Centre</a> Renault (Groupe Maurin) (01 64 69 56 56)</h2><p>---------------------------------------------------------</p><h2>S.N.C.A. St Pierre Lès Nemours,&nbsp;Renault (Groupe Maurin) (01 64 28 01 50)</h2><p>-----------------------------------------------------------</p><p><a href=\"http://192.168.99.10/clients/Garages/DPL%20Honda.html\"><strong>DPL Honda</strong></a></p><p>-----------------------------------------------------------<br>&nbsp;</p><p><strong>Renault Occasion : </strong>Rue des 20 Arpents, 77210 Samoreau</p><p>&nbsp;</p><h2>DPL Sud Auto (01 70 84 17 70)</h2><p>3 entités :<br><br><a href=\"http://192.168.99.10/clients/Garages/Fiat%20Cerviana.html\"><strong>Fiat Vert-Saint-Denis</strong></a>, 540 Impasse de l\'Epinet, 77 240, Vert-Saint-Denis (01 70 84 17 70 - 01 76 28 31 67) (15PC) &nbsp;(racheté par groupe Cervinia)<br><br>Honda Mareuil (01 60 24 76 35) (4PC)<br><br>Honda Vert-Saint-Denis (01 64 14 49 90) &nbsp;(3PC)</p><p>-----------------------------------------------------------</p><p>&nbsp;</p><p><strong>Siège</strong> : Société DPL, Didier LEVY (06 07 55 09 82). dlevy@dplauto.fr</p><p>Pascal Levy : 06 80 46 09 83<br>&nbsp;</p><p>Sibylle Augrain : 06 87 71 17 52</p><p><strong>Windows 7 ou 10. Le MASTER RNFI (dernière version) doit être installé pour les applications métier.</strong><br><br>&nbsp;</p><p><strong>RenaultNet, DCS, StarEmul &amp; Sidexa :&nbsp;</strong>(Reynolds &amp; Reynolds)&nbsp;<strong>+ 33 (0)825 820 038 &nbsp;&nbsp;&nbsp; Support : 04 76 84 30 30&nbsp;</strong></p><p><strong>Poste vendeur</strong> &amp; Support Vendeur : 08 00 37 92 37<br>Mot de passe de décompression du zip \"Poste Vendeur\" : PVF2016<br>&nbsp;</p><figure class=\"image\"><img src=\"http://192.168.99.10/images/warning.jpg\" alt=\"Warning\"></figure><p>&nbsp;Si Poste Vendeur planté, ne pas utiliser ADWCleaner ou CCleaner...<br><br><br>___________________________________________________________________________________________________________________________________________________________________________<br><br><strong>WiFi</strong> géré par CityPasssenger : Support :<strong> 01 60 13 85 95</strong><br><br>Hotspot : portail captif - Digital : Ecran de présentation - Bar Client - Private : LAN VAS (Clips)<br>____________________________<br><br>Digital : PifqyNk4Jf5s<br>____________________________<br><br>BarClient : wifiBarClient<br>____________________________<br><br>Private :<br>Pour W7 : Via un Radius&nbsp;&nbsp;&nbsp; Identifiant : private&nbsp;&nbsp;&nbsp; mdp : private<br>Pour W10 pas de mot de passe.<br><br>____________________________<br><br>Pour certificats : certmgr.msc<br><br><br>https://renault-rad.citypassenger.com/login&nbsp;&nbsp;&nbsp; login : Dplauto&nbsp;&nbsp;&nbsp; &nbsp;&nbsp;&nbsp; mdp : !Dpl77<br><br>___________________________________________________________________________________________________________________________________________________________________________<br><br><strong>CLIP</strong> : Solar Support : Bosch. Machines (PC portables) louées.<br>__________________________<br><br><strong>DCS Net :</strong><br><br><a href=\"http://192.168.99.10/Clients/DPL%20Renault/Technique/Configuration%20IE%20et%20Java%20DCS%20Net/\">Configuration IE11 et Java&nbsp; (navigateur validé Renault)</a><br><br><br>____________________<br><br>DPL Avon, Garage du Centre<br><br>Intranet : http://dplauto.fr (One on One)<br><br>https://dplauto.fr/docs</p><p><a href=\"http://192.168.99.10/Cle%20usb/Levy-Fertois/DPL/\">Applications poste-vendeur</a></p><p>---------------------------------------------------------</p><p>Contact pour <strong>Token</strong> : Hélène Morin : 01 64 60 20 20</p>'),
(20, 41, '<p>Honda Mareuil (01 60 24 76 35) (4PC)<br><br>Honda Vert-Saint-Denis (01 64 14 49 90) &nbsp;(3PC)<br><br>Piles Video Surveillance : 01 60 01 78 61 (02)<br><br>COMMERCIALE ORANGE Danielle Le Guillou : 06 76 69 76 07<br>ORANGE BUSISNESS SERVICE : 06 45 52 89 55<br><br>------------------------------------------------------------------<br><strong>Poste vendeur</strong> &amp; Support Vendeur : 08 00 37 92 37<br>Mot de passe de décompression du zip \"Poste Vendeur\" : PVF2016<br>&nbsp;Si Poste Vendeur planté, ne pas utiliser ADWCleaner ou CCleaner...<br><br>-------------------------------------------------------------------------<br><br>login : Dplauto&nbsp;&nbsp;&nbsp; &nbsp;&nbsp;&nbsp; mdp : !Dpl77<br>&nbsp;</p><p>---------------------------------------------------------------------------<br>&nbsp;</p><h2>RESEAU</h2><p>VPN Site à Site<br>IP Public :<br><br>Box Busissness Melun<br>10.183.143.210<br><br>Box Busissness Meaux<br>10.150.110.33 - VPN Site à Site<br>IP : 194.3.28.72<br>10.150.100.200 - Box Fibre<br>&nbsp;</p><p><strong>Clef de sécurité :&nbsp; K5DAqDUcs7V6XXJ2ZR8Sr5sxwW3hRLNa</strong></p><p>IP : 90.102.126.6:8011<br>NVR 10.150..199<br><br>DNS SERVEUR DCS<br>10.183.143.72<br><br><br>-------------------------------------------------------------------<br>######################################<br>######################################<br>########## VERT SAINT DENIS #########<br>######################################<br>######################################<br><br>10.183.143.33 LiveBox Pro (Carte bleu et Wifi) A8:9A:93:4D:24:5B<br><br>10.183.143.62 HP fix Compta-Honda A0:8C:FD:E0:67:B6<br><br>10.183.143.70 PC montage Asrock D0:50:99:CC:07:1E<br><br>10.183.143.72 SERVEUR DCS 00:0A:F7:E7:23:A0<br><br>10.183.143.73 COMPAL INFORMATION (KUNSHAN) 98:29:A6:FB:09:23<br><br>10.183.143.110 D-Link International SWITCH B0:C5:54:BC:86:E9<br><br>10.183.143.116 PC DE:85:F7:50:70:E7<br><br>10.183.143.117 JLVPRO-Liteon Technology 74:E5:43:61:7B:3C<br><br>10.183.143.145 SHARP Corporation IMPRIMANTE 68:79:ED:06:20:D3<br><br>10.183.143.146 Lexmark IMPRIMANTE 00:21:B7:68:EF:BA<br><br>10.183.143.150 INGENICO (Carte Bleu) 54:E1:40:F0:51:52<br><br>10.183.143.156 HP Radio 18:A9:05:28:9A:8B<br><br>10.183.143.157 PC montage HONDA-DSI316L0B 4C:34:88:3F:F1:79<br><br>10.183.143.160 HP hmel-secr A0:D3:C1:1C:BB:A1<br><br>10.183.143.180 PC Portable Sercrétaria<br><br>10.183.143.193 XRV Zhejiang Dahua Technology (Vidéo Surveillance) 38:AF:29:9B:EA:D8<br><br>10.183.143.199 SERVEUR RPS ASUS D4:5D:64:C5:52:25<br><br>10.183.143.207 JLV 2E:74:38:8C:BF:9F<br><br>10.183.143.209 DESKTOP-2EEDUMC Apple 10:9A:DD:A0:46:65<br><br>10.183.143.210 LiveBox Busisness OneAcces (VPN Site à Site) 70:FC:8C:06:E4:3D<br><br>10.183.143.215 WISTRON Honda-PC.home 30:65:EC:A5:42:5B<br><br>10.183.143.218 KEBA GmbH 00:60:B5:3D:7C:DE<br><br>10.183.143.219 KEBA GmbH 00:60:B5:3D:17:F2<br><br>10.183.143.220 KEBA GmbH 00:60:B5:3D:91:8F<br><br>######################################<br>######################################<br>######### MAREUIL LES MEAUX ########<br>######################################<br>######################################<br><br>VPN<br>10.150.110.33 OneAccess SA 70:FC:8C:20:E8:E8&nbsp;<br>&nbsp;<br>hmea-apv 10.150.110.34 Hewlett Packard 40:A8:F0:43:7B:58&nbsp; :<br>&nbsp;<br>&nbsp;hmea-vnvo 10.150.110.36 Hewlett Packard 40:A8:F0:52:1E:6A&nbsp;<br>&nbsp;<br>hmea-form 10.150.110.37 Hewlett Packard 40:A8:F0:52:1E:1E&nbsp;<br>&nbsp;<br>10.150.110.39 SHARP CORPORATION BC:B1:81:D4:92:44&nbsp;<br>&nbsp;<br>10.150.110.40 Brother industries, LP36 LTD. 00:1B:A9:61:46:66&nbsp;<br>&nbsp;<br>10.150.110.50 Samsung Electronics Co.,Ltd 48:27:EA:34:BE:A9&nbsp;<br>&nbsp;<br>10.150.110.52 Samsung Electronics Co.,Ltd 08:78:08:DA:82:86&nbsp;<br>&nbsp;<br>10.150.110.53 AzureWave Technology Inc. 74:2F:68:EE:DA:D1&nbsp;<br>&nbsp;<br>On HONDA-HVGUNKS4G 10.150.110.54 Intel Corporate 4C:34:88:44:B5:10&nbsp;<br>&nbsp;<br>&nbsp;10.150.110.60&nbsp; 04:D4:C4:6E:0F:DC&nbsp;<br>&nbsp;<br>PILS VIDEO&nbsp;<br>10.150.110.199 Zhejiang Dahua Technology Co., Ltd. 4C:11:BF:5F:09:53&nbsp;<br>&nbsp;<br>&nbsp;FIBRE<br>10.150.110.200 OneAccess SA 70:FC:8C:24:D8:EC<br><br><br>-------------------------------------------------------------------------------------------------------<br><br>&nbsp;</p><h2>Comptes Mails</h2><p><a href=\"file:///Z:/PME/Interne/Intra/clients/Garages/DPL%20Honda.html\"><strong>DPL Honda</strong></a><br><br><a href=\"mailto:secretariat@honda-melun.com\">secretariat@honda-melun.com</a> =&gt; SeCrMn43021#!<br><br><a href=\"mailto:jl.vettier@honda-melun.com\">jl.vettier@honda-melun.com</a> =&gt; JvEtT57847#!<br><br><a href=\"mailto:a.michalski@honda-meaux.com\">a.michalski@honda-meaux.com</a> =&gt; AmIcH22103#!<br><a href=\"mailto:vo@honda-meaux.com\">vo@honda-meaux.com</a><br><br><a href=\"mailto:secretariat@honda-meaux.com\">secretariat@honda-meaux.com</a> =&gt; SeCrMx33219#!<br><br><br><br><br>--------------------------------------------------------------</p>'),
(21, 44, '<p>Business LIVEBOX (90.63.204.166)<br>admin / S1450007816063012<br><br>PIVPN (192.168.10.151)<br>SSH : pi@192.168.10.151<br><br>RaspE2TH / e2thvpn!<br><br>Fichiers de config OVPN : /home/pi/ovpns<br><br><i>Quelques commandes :</i><br><i>pivpn add &nbsp;&nbsp;&nbsp; &nbsp;&nbsp;&nbsp; pour créer un nouveau profil ovpn</i><br><i>pivpn help&nbsp;&nbsp;&nbsp; &nbsp;&nbsp;&nbsp; &nbsp;Manuel Pivpn</i><br><i>install log&nbsp;&nbsp;&nbsp; &nbsp;&nbsp;&nbsp; &nbsp;se trouvent dans /etc/pivpn</i><br><br><i>profils crééent&nbsp; &nbsp;&nbsp; &nbsp;&nbsp;&nbsp; /home/pi/ovpns</i><br><br>Comptes :<br><br>maelle / !vpne2th!<br>bruno / !Ecotoner77<br><br><br>Interdevis (Pc AMAR 192.168.10.11)<br>&nbsp;</p>'),
(22, 47, '<p><a href=\"http://keepco/Clients/Elessemo/Technique/Plan%20Elessemo.pdf\">Plan du site</a></p><p>Mot de passes : <a href=\"http://keepco/Clients/Elessemo/Technique/Emails/Exchange.docx\">Mails</a>, <a href=\"http://keepco/Clients/Elessemo/Technique/Mail/Liste%20emails.csv\">Quotas au 04-2016</a>, <a href=\"http://keepco/Clients/Elessemo/Technique/MDP.xlsx\">Serveurs &amp; Utilisateurs</a></p><h2>OVH Manager :</h2><p>Identifiant : sl9619-ovh</p><p>Mot de passe : Zorglub13</p><h3><a href=\"http://keepco/Clients/Elessemo/Technique/Netasq\">Netasq</a></h3><h3>Mail :</h3><p>marie-odile.fuseau@comevista.net : Identifiant : marie-odile.fuseau@comevista.net MDP : HJfo902</p><p>&nbsp;</p><p>Serveur de courrier entrant : pop.elessemo.com</p><p>&nbsp;</p><p>Serveur de courrier sortant : smtp.wanadoo.fr</p><p>-------</p><p>eless.fr (bàl : 2GO). luc.schorter@eless.fr / @schorter77!</p><p>pop3.eless.fr /smtp.eless.fr<br>&nbsp;</p>'),
(23, 45, '<p>Prestataires Téléphonie / switchs manageables installés sur Site : <a href=\"mailto:support.technique@prestigetelephonie.fr\">support.technique@prestigetelephonie.fr</a><br><strong>ESAT APM</strong><br>IP Publique (217.128.206.192)<br><br>7bis, AVENUE DE LA LIBÉRATION<br>77000 Melun<br>01 64 37 34 62<br>ESAT-APMarobase.pngORANGE.FR<br><br>Livebox (192.168.1.1)<br>admin / 19752CF9<br><br><br>SRV-AD.DOMAINE.LOCAL<br><br>administrateur&nbsp;&nbsp;&nbsp; /&nbsp;&nbsp;&nbsp; GESTEC2000<br><br><strong>WIFI</strong> : <strong>SSID</strong> : APM SAMS <strong>Mdp</strong> : apmsams!<br><br>TeamViewer : 434 827 578<br><br>NAS WD : 192.168.1.200&nbsp;&nbsp;&nbsp; admin&nbsp;&nbsp;&nbsp; /&nbsp;&nbsp;&nbsp; !Ecotoner<br><br>Sauvegarde Acronis : \\\\192.168.1.200\\sauvegarde_serveur<br>___________________________________________________________________________________________________________________________<br><br><strong>ESAT PYRAMIDE</strong><br>(IP Publique : 82.127.36.173)<br><br>01 60 02 78 33<br><br>compte Acronis : ESAT_Pyramide / &nbsp;!Pyr@mide77<br><br>Linksys LRT214 :&nbsp;192.168.1.1 / PYRLRT / E7fe903c<br><br>apmpyramide.preventeur@orange.fr&nbsp;&nbsp;&nbsp; XAKO1969<br>iCloud : apmpyramide.preventeur@orange.fr&nbsp;&nbsp;&nbsp; Preventeur77<br><br>___________________<br>FIBRE (Bouygues Telecom) :<br><br>Port 3 sur le CISCO, patte WAN du LINKSYS :<br>&nbsp;</p><p>Plan d’adressage public : 176.162.150.48 - 255.255.255.252<br>Adresse du routeur Bouygues Telecom (passerelle) : 176.162.150.50<br>Broadcast : 176.162.150.51<br>Adresses utilisables sur votre Lan : 176.162.150.49<br><br><br>DNS primaire : 194.158.122.10&nbsp;<br>DNS secondaire : 194.158.122.15<br>Serveur SMTP: smtp.b2bouygtel.com&nbsp;</p><p>Port 2 (?) sur le CISCO :<br><br>192.168.<br><br>___________________<br><br>Compte Microsoft (licences office 2013) : esat-pyramide@outlook.fr / pyramide7833<br><br>Compte Office famille et petite entreprise 2016 et Clé de licence<br>esat.pyramide1@outlook.fr / HHJ88-9NRMC-7WJXG-HPJPG-QYHF3<br>esat.pyramide2@outlook.fr / N8DMW-HPYFT-4FC98-28RM9-QV6JQ<br>esat.pyramide3@outlook.fr / CWNW4-YG9CY-27XKG-WPJTJ-9TM2D<br>esat.pyramide4@outlook.fr / WBQQ8-KRNCT-83BMY-BPFHD-62943<br>esat.pyramide5@outlook.fr / JN2H7-4HVWF-KB4JX-CQV66-4M4PD<br>esat.pyramide6@outlook.fr / CYQ6V-B7N7R-Q7DJ9-K346R-CR3R3<br>esat.pyramide7@outlook.fr / 2WTNW-KRPH6-DJMK7-KV3WM-XBTJQ<br><br><br><a href=\"file://serveur-ad/Data/PME/Clients/ESAT/PYRAMIDE/Technique/Comptes%20AD.pdf\">Compte AD</a><br>&nbsp;</p>'),
(24, 51, '<p><strong>2 sites</strong></p><p><strong>Concessions Renault</strong></p><p>Lionel Schluck : 06 81 96 82 59</p><h4>- 43 Avenue de Verdun, 72&nbsp;400 La Ferté-Bernard &nbsp;(02 43 60 15 15)</h4><h4>Contacts&nbsp;: &nbsp;&nbsp;&nbsp;&nbsp;&nbsp;&nbsp;&nbsp;&nbsp;&nbsp; <strong>Chantal&nbsp;</strong>: &nbsp;&nbsp;&nbsp;&nbsp;&nbsp;&nbsp;&nbsp;&nbsp;&nbsp;&nbsp;&nbsp; 02 43 60 15 16</h4><p>&nbsp;&nbsp;&nbsp;&nbsp;&nbsp;&nbsp;&nbsp;&nbsp;&nbsp;&nbsp; &nbsp; &nbsp; &nbsp; &nbsp; Mme PELOIS :&nbsp;&nbsp;&nbsp;&nbsp;&nbsp;&nbsp;&nbsp;&nbsp;&nbsp;&nbsp;&nbsp; 02 43 60 15 17</p><p>15 postes ? (Win 7-10)</p><p>1 ‘server’</p><p>Accès Sidexia ( support&nbsp;: 04 76 84 30 30 )</p><p>StarEmul (putty)</p><p>Dialogys</p><p>Tokens, certificats Cartes Grises</p><p>Imprimantes matricielles…</p><p>Imprimantes<br>172.19.103.30 VNVO<br>172.19.103.71 ATELIER<br>172.19.103.72<br>172.19.103.202&nbsp;</p><p><strong>IP nouvelle imprimante Lexmark CS410DN : 169.254.1.17 (réf: ... 33090)</strong></p><p><br>&nbsp;</p><h3><strong>Serveur&nbsp;</strong></h3><p>\\\\serveurmpf&nbsp; : admin / admin<br>172.19.103.47:10000<br>&nbsp;</p><p>PASSERELLE 172.19.103.41<br>DNS 172.19.103.61</p><p>NOUVEAU SERVEUR RPS<br>172.19.103.60<br>rps / rps<br>&nbsp;</p><p>Serveur DCS net<br>&nbsp;http://172.19.103.61/digital/</p><p><strong>Certificat Poste vendeur</strong><br><strong>Mot de passe : rnfi00001160</strong></p><p><a href=\"file:///Z:/%5CPME%5CCle%20usb%5CLevy-Fertois%5Ccertificats%5CFertois\">Ouvrir le repertoir du certificat</a><br>&nbsp;</p><p>--------------------------------------------------------------------------------------------------------------</p><p>Mme Pïchard : Tél : 02 43 60 15 13&nbsp;mot de passe pour l\'ordi de Mme Pichard Coadou : 5xuy4f.</p><p><strong>Fiteco</strong> / MyFitPaie :&nbsp;standard&nbsp;: 02.43.71.65.30</p><p>contact Paie : Catherine Gaignier (c.gaignier@fiteco.com)</p><p>&nbsp;</p><p><strong>GUILLAUME JOB,</strong> Service Informatique Production Sociale &nbsp;(g.job@fiteco.com)<br><strong>XAVIER LE GALL</strong> ,Chef de mission 72404 LA FERTE BERNARD – Service informatique (x.legall@fiteco.com) Tél. : 06.73.71.35.21 – 02.43.71.65.46<br><br>____________________________________________________________________________________________________________<br><br>Comptes google pour redirection renault.net<br><br>chantal.paris.renault@gmail.com / lafertebernard<br><br><strong>WiFi Digital</strong> : FJ6gwuN66H9b<br><br>Apres les mises à jours de versions de Windows 10<br>sur le poste compta Sarah Coadoux<br>Si le logiciel facture affiche un message d\'erreur<br>installer ce logiciel en administrateur<br><a href=\"http://www.silae.fr/silaepermissions.msi\">http://www.silae.fr/silaepermissions.msi</a><br><br><br>&nbsp;</p><p>------------------------------------------------------------------------------------------------------------------------------</p><p>&nbsp;</p><h4>- Avenue de Paris, RN23, 28400 Margon, Nogent le Rotrou (02 37 54 93 93)</h4><p>Contacts&nbsp;: &nbsp;&nbsp;&nbsp;&nbsp;&nbsp;&nbsp;&nbsp;&nbsp;&nbsp; <strong>Stéphanie&nbsp;</strong>: &nbsp;&nbsp;&nbsp;&nbsp;&nbsp;&nbsp; 02 37 54 93 8</p><p>&nbsp;</p><p>in 7-10)</p><p>1 ‘server’</p><p>Accès Sidexia</p><p>StarEmul (putty)</p><p>Tokens, certificats Cartes Grises</p><p><br>&nbsp;</p><p>Imprimantes matricielles…<br>LiveBox : 192.168.0.1&nbsp;<br>plage 0.10 / 0.100<br>WIFI LiveBox : <strong>5C2F0F12CAFE7480047CE6C1F6</strong><br>PASSERELLE NOGENT : 172.19.104.8</p><p>DNS 172.19.103.61</p><p><strong>RenaultNet, DCS, StarEmul &amp; Sidexa : 04 76 84 30 30</strong> (Reynolds &amp; Reynolds) :&nbsp;</p><p><strong>Reynolds IPN : d152497</strong></p><p>Poste vendeur &amp; Support Vendeur : 08 00 37 92 37</p><p>____________________________________________________________________________</p><p>CITY PASSENGER (WIFI Private)<br>Téléphone:<a href=\"https://www.citypassenger.com/contactus/\"> +33 800 90 13 85</a></p><p><a href=\"file://serveur-ad/Data/PME/Clients/Fertois/Technique/Mode%20d%20emploi%20certificats%20radius%20wifi%20priv%E9%20Renault%20v201607.docx\">Documentation </a>(\\\\serveur-ad/Data/PME/Clients/Fertois/Technique/Mode d\'emploi certificats radius wifi priv Renault v201607.docx)</p><p><a href=\"https://renault-rad.citypassenger.com/login\">https://renault-rad.citypassenger.com/</a></p><p>Login : ericheux&nbsp;&nbsp;&nbsp; &nbsp;&nbsp;&nbsp; Mdp : Lu685Gbs</p><p>___________________________________________________________________________<br><br>Contact Renault :<br>Serge Ulrick<br>0607594914<br>__________________________________________________________________________<br><br>Compte Microsoft :<br>lftnlr@outlook.fr / !K33pC077!<br><br>Code Conf ordi portable : 071019<br><br>---------------------------------------------------------------------------------------------------------------------------------------------------------------------------------------------------------------------<br><br>&nbsp;</p><h4><strong>New Dialogys</strong></h4><p>Serveur sur extranet Renault</p><p>Mettre Chrome par défaut et installer les Settings Chrome<br>dans le fichier HOST (BlockNote / executer en tant qu\'Administrateur / c:\\Windows\\System32\\Drivers\\etc\\hosts)<br>Ajouter la ligne :&nbsp;</p><p>https://rferte.dms.dcs2.renault.com/newdialogys/<br><br>_____________________________________________________________________________________________________</p><p>&nbsp;</p><h4><strong>R-BOOK (Microsoft Surface)</strong></h4><p>Les Tablettes ont été paramétrés d\'origine et fonctionnelles<br><br>Administrateur / Ren@ult2016<br><br>Mise à jour SCCM des droits en administrateur<br>Z:\\PME\\Clients\\Fertois\\Technique\\Logiciels\\RBOOK_SCCM_REPAIR.exe<br><br><br><br>DCS NET SERVEUR<br><br>http://dcsnet99.dms.dcsautomotive.fr:8080/Index?ipClient=<br><br><br>IMPRIMANTES NOGENT / LA FERTE BERNARD<br><br>Factoria V2L : 02 43 23 83 36<br><br>CANON : Administrator / 7654321<br>FAX : nogentautomobiles@gmail.com / Renault28<br><br><strong>FAX PAR MAIL</strong><br><br>KEYYO<br><a href=\"mailto:stephanie.bretonnet.nogentlerotrou@reseau.renault.fr\">stephanie.bretonnet.nogentlerotrou@reseau.renault.fr</a> / Ciscom.28<br><br>CISCOM INTERNET TECHNOLOGIES COMMUNICATIONS</p>'),
(25, 53, '<p>SYNOLOGY<br>QuickConnect: <a href=\"http://quickconnect.to/jjfossard\"><strong>http://QuickConnect.to/jjfossard</strong></a><br>DDNS : jjfossard.synology.me<br><br>Comptes :<br>admin / !KeepC077<br><br><br>____________________________________________________________<br><br><strong>Microsoft Office 2016 Home and Business : 8FYD8-N3DR9-24XQ2-7CDFM-RC2MK</strong><br><strong>Compte : fossard-utilisateur1@outlook.fr&nbsp;&nbsp;&nbsp; /&nbsp;&nbsp;&nbsp; fossard77</strong><br><strong>date de naissance : 01-01-2000</strong><br><strong>______________________________________________________________</strong></p>'),
(26, 56, '<p><strong>Routeur LiveBox Busisness ORANGE</strong><br><strong>10.10.53.254</strong><br><br><strong>Modem/Router</strong><br><strong>TP-Link : admin / admin</strong><br><strong>192.168.1.1</strong><br><br><strong>Code Wifi HotelVictoria : Welcome77</strong><br><br><strong>HP Networks Switch 122&nbsp; : 10.10.53.1</strong><br><strong>SoundTouch acces point : 10.10.53.50</strong><br><br><strong>Bornes WIFI Netgear WNAP320</strong><br><strong>Default acces : 192.168.0.100</strong><br><strong>admin / password</strong><br><strong>SSID : NETGEAR_11ng / na</strong><br><strong>Nom de réseau : sharedsecret</strong><br><br><strong>----------------------------------------------------------------</strong><br><br><strong>Imprimantes</strong><br><strong>HP laserjet pro P1606DN : 10.10.53.201</strong><br><strong>HP OfficeJet 8600 : 10.10.53.222</strong><br><strong>----------------------------------------------------------------</strong><br><br><strong>PC Portable</strong><br><strong>admin : paul / bucheron</strong><br><br><strong>Réception : reception / 122</strong><br><br><strong>------------------------------------------------------------</strong><br><br><strong>Bureau distant / Serveur</strong><br><strong>122 / 122</strong><br><strong>administrateur / reine112122</strong><br><strong>IP : 10.10.53.200 (SERVEUR Rarement utilisé)</strong><br><br><strong>--------------------------------------------------------------</strong><br><br><strong>Compte Mail</strong><br><br><strong>Hotel Victoria</strong><br><strong>adresse mail : resa@hotelvictoria.com</strong><br><strong>pop3 : pop.jiga.fr ---&gt; 110</strong><br><strong>smtp : &nbsp;smtp.hotelvictoria.com ---&gt; 587 / authentification AUCUN</strong><br><br><strong>Utilisateur : hot-webmast@hotelvictoria.com</strong><br><strong>Mot de passe : p&amp;icbetd!</strong><br><br>&nbsp;</p><p>&nbsp;</p>'),
(27, 57, '<p><br>Site Internet : <a href=\"http://ides-asso.fr/2013/\">http://ides-asso.fr/2013/</a><br>&nbsp;</p><p>OVH (Hebergement site et BAL) :<br>dentifiant&nbsp;: mj5255-ovh<br>Mot de passe&nbsp;: nYEiJmW5</p><p>Comptes Mail :<br>cmasselin@ides-asso.fr / c-masselin2019!!<br>&nbsp;</p>'),
(28, 60, '<p><br>Livebox Fibre en Mode Bridge<br><br>IP Publique : 97.173.100.113<br><br>passerelle 92.173.100.118<br>masque 255.255.255.248<br><br><br>5 adresses attribuées 92.173.100.113 -&gt; 117<br><br><br>DNS 194.2.0.20<br>DNS 194.2.0.50<br>____________________________________________________________________</p><p><i>Bernadette</i> MIERMONT (gérante) : 06 07 06 02 61</p><p><a href=\"mailto:inderflex@wanadoo.fr\">inderflex@wanadoo.fr</a></p><p>Mme Claudine Saint Hilaire<br>Ancien Serveur déconnecté :&nbsp;<br>Serveur 2012 R2 (192.168.1.10)<br>Domaine : glf.local<br><br>serveur-ad2 (192.168.1.249)<br>serveur-ad2 + serveur-tse (1.11)<br>Domaine : INDERFLEX.local<br>administrateur&nbsp;&nbsp;&nbsp; :&nbsp;&nbsp; &nbsp;!Ecotoner<br>\\\\serveur-ad\\data<br>DHCP activé et utilisé.</p><p>TeamViewer seveur-ad2 : 258&nbsp;578&nbsp;999&nbsp; &nbsp;&nbsp;&nbsp; &nbsp; !KeepC077<br><br>TeamViewer seveur-tse: 262 883 913 &nbsp;&nbsp;&nbsp; &nbsp; !Ecotoner / !KeepC077<br><br>Compte Administrateur Acronis : bruno@groupe-tse.fr&nbsp;&nbsp;&nbsp; &nbsp;&nbsp;&nbsp; @cr0n1S77<br>&nbsp;</p><p>_______________________________________</p><p>Comptes :</p><p>roselyne &nbsp;&nbsp;&nbsp; rgrg</p><p>claudine&nbsp;&nbsp;&nbsp; csth</p><p>bernadette&nbsp;&nbsp;&nbsp; ette</p><p>production&nbsp;&nbsp;&nbsp; Prod</p><p>intérimaire&nbsp;&nbsp;&nbsp; Inter</p><p>cedric&nbsp;&nbsp;&nbsp; buet</p><p>________________________________________</p><p>Compte OpenVPN :</p><p>IP Publique : 217.128.115.114<br><br><br>Compte / Mot de Passe : Bernadette / !Inder77<br><br><br>________________________________________<br><br>PC sur lequel Mme Miermont se connecte ( TeamViewer : 998049183&nbsp;&nbsp;&nbsp; f47mq8 )<br>&nbsp;</p><p>&nbsp;</p><p>______________________________</p><p>Orange</p><p>fti/g9dyvfh / r2ykqch</p><p>______________________________</p><p>Routeur Synology (192.168.1.1)</p><p>admin / !Ecotoner77</p><p>WiFi SSID : Inderflex / !Inderflex77</p><p>_____________________________</p><p><br>Routeur 4G :<br><br>Orange-A5BE / 30806770<br><br>_____________________________<br><br>Comptes Mails :<br><br>bmiermont-inderflex@orange.fr / !Bm06182!<br>csainthilaire-inderflex@orange.fr / c06182<br>denis.tores@orange.fr / dt06182<br>rhansen-inderflex@orange.fr / r06182<br>sbaggio-inderflex@orange.fr / sb06182<br>slienhard-inderflex@orange.fr / s06182<br>flexdynamic@wanadoo.fr / f06182<br>glf.services@wanadoo.fr / 42PTfrY%<br>inderflex@wanadoo.fr / ty426q9%C<br>cbost-glf@orange.fr / Yc09bT42</p>');
INSERT INTO `documentation` (`id`, `customers_id_id`, `document`) VALUES
(29, 62, '<p>Numéro ligne internet : 01 64 23 44 51</p><p>__________________________________________________________________________</p><p>Compte Microsoft : ibtransactions@outlook.fr / Orange1!</p><p>___________________________________________________________________________</p><p>Configuration carte réseau :<br><br>IP : 192.168.1.*<br>Masque de sous réseau : 255.255.255.0<br>Passerelle : 192.168.1.1<br>DNS Principal : 194.2.0.20<br>DNS Secondaire : 194.2.0.50<br><br>IMPRIMANTE<br>Sharp MX-2651 / 192.168.1.100<br>Sharp MX-C250 / 192.168.1.99<br><br>__________________________________________________________________________________________________<br>&nbsp;<br>1&amp;1 :<br><br>Compte de gestion (<a href=\"https://login.ionos.fr/?ionos-tour=enabled\">Connexion</a>) : 13302511 / IBtransacti0ns77300!<br><br>Noms de domaine : ibimmobilier.fr ; ibtransactions.fr<br><br>Comptes messagerie :<br><br>a.vautier@ibtransactions.fr / Orange1!<br>c.chevalier@ibtransactions.fr<br>c.david@ibtransactions.fr<br>compta@ibtransactions.fr<br>f.soares@ibtransactions.fr<br>gestion@ibtransactions.fr<br>info@ibtransactions.fr<br>l.rodriguez@ibtransactions.fr / Orange1!<br>m.delloye@ibtransactions.fr<br>n.bonnemain@ibtransactions.fr<br>s.donada@ibtransactions.fr / Orange1<br><br>Compte de messagerie IBIMMOBILIER.FR<br>IMAP : !Orange1!<br>Exchange : !Ib1mm0Billi3r!<br><br><a href=\"mailto:marielle@ibimmobilier.fr\">marielle@ibimmobilier.fr</a> / !M@r1b1mm0!<br><a href=\"mailto:carole@ibimmobilier.fr\">carole@ibimmobilier.fr</a> / !Alibab@40V0l3urs77!<br>fernando@ibimmobilier.fr<br>nathalie@ibimmobilier.fr<br>severine@ibimmobilier.fr<br><a href=\"mailto:ludivine@ibimmobilier.fr\">ludivine@ibimmobilier.fr</a> / !Lud1mm021*<br>helene@ibimmobilier.fr<br>magali@ibimmobilier.fr / @1b1mm0bilieR<br><a href=\"mailto:anne@ibimmobilier.fr\">anne@ibimmobilier.fr</a>&nbsp;<br><a href=\"mailto:info@ibimmobilier.fr\">info@ibimmobilier.fr</a></p><p><a href=\"mailto:marine@ibimmobilier.fr\">marine@ibimmobilier.fr</a> / !!Orange1!!<br><br>MIGRATION VERS EXCHANGE :<br><a href=\"https://migrationemail.ionos.fr/mig/?client=ionos\">https://migrationemail.ionos.fr/mig/?client=ionos</a></p><p>__________________________________</p><p>PC (Anciennement) Anne, session locale :</p><p>Utilisateur / !K33pC077<br>__________________________________<br><br><strong>Praedium Patrimoine</strong><br><br><strong>Serveur CCIMMO (192.168.10.115)</strong> :<br><br>.\\administrateur / Techsis2013<br><br>Comptes indéfinis :<br><br>mdp sans compte : techsis<br><br>standard / Techsis2019<br><br><br><strong>Comptes messagerie PP</strong> :<br><br><strong>Compte gestion OVH</strong> : m.delloye@ibtransactions.fr / Orange1!<br><br>gestion / Praedgestion77<br><br>katia.k@praediumpatrimoine.fr / Patrimoine1!<br><br>laura.v@praediumpatrimoine.fr / Patrimoine1!<br><br>m.delloye@praediumpatrimoine.fr / Patrimoine1!<br><br>sandra.z@praediumpatrimoine.fr / Patrimoine1!<br>&nbsp;</p><p><a href=\"mailto:Sandra.izoulet@praedium.fr\">Sandra.izoulet@praediumpatrimoine.fr</a> / Patrimoine1!</p><p><a href=\"mailto:lionel.z@praediumpatrimoine.fr\">lionel.z@praediumpatrimoine.fr</a>&nbsp; / !!L1on3l&nbsp;!!</p><p><a href=\"mailto:facture@praediumpatrimoine.fr\">facture@praediumpatrimoine.fr</a> / !!f@ctur3s!!</p><h3><strong>Agenda Google Praedium</strong><br>&nbsp;</h3><p>agendapraedium@gmail.com / !!Praedium77!!<br>&nbsp;<br>__________________________________________________________________________________________________<br><br><strong>Comptes Serveur Synology / Serveur de fichiers (192.168.1.9)</strong> :<br><br>https://ibtrans.fr4.quickconnect.to/<br>ibtransactions.synology.me<br><br>L2TP cle : IbTr@ns77!<br><br>Administrator / 1b1mm0b1l13r<br><br>Marielle / m@r13ll3<br>Fernando / f3rn@nd0<br>Accueil / @ccu31l<br>Severine / s3v3r1n3<br>Anais / @n@1s77<br>Nathalie / n@th@l13<br>Compta / c0mpt@<br>Carole / c@r0l377<br>Anne / @nn377!<br>katia / k@t1@77<br>laura / L@ur@77!<br>sandra / S@ndr@77!<br>ludivine / Lud1vin3!<br>helene / !Hel3n3!</p><p>marine / m@r1n3!!<br><br><strong>Comptes Serveur Synology / Serveur de fichiers PRAEDIUM (192.168.10.250)</strong> :<br><br>Compte admin<br>https://keep77210connection.fr2.quickconnect.to/<br>administrateur / !Ecotoner77<br><br>Quick Connect<br>https://account.synology.com/en-global/overview<br>julien@ecotoner.fr / !Ecotoner77<br><br>Mot de passe : !!Praedium77!!<br><br>Carole<br>Katia<br>Laura<br>Mariellel<br>nathalie<br>Sandra<br>S.Donada<br>sandra.i<br><br><br>VPN SERVER :<br><br>IP publique : 90.83.239.230<br>Config Open VPN : sur le Syno dans dossier \"<a href=\"file://192.168.99.10/Data/PME/Clients/InterBrasserie%20PP/VPN/openvpn.zip\">Keep Connection</a>\"<br>Quickconnect : IBTRANS<br>__________________________________________________________________________________________________</p><p>Immovision (CAL52G / 1b1mm0b1l13r ???)<br><br>Comptes :<br><br>Severine / severine<br>marielle n/ marielle<br>fernando / fernando<br><br>_________________________________________________________________________________<br>&nbsp;</p><p><br>&nbsp;COMPTE HEKTOR<br>&nbsp; http://ib-transac.la-boite-immo.com/admin/<br>transac / Hektor5640 !<br>&nbsp;&nbsp;&nbsp; &nbsp;&nbsp;&nbsp; &nbsp;&nbsp;&nbsp; &nbsp;&nbsp;&nbsp; &nbsp;&nbsp;&nbsp; &nbsp;&nbsp;&nbsp; &nbsp;&nbsp;&nbsp; &nbsp;&nbsp;&nbsp; &nbsp;&nbsp;&nbsp; &nbsp;&nbsp;&nbsp; &nbsp;&nbsp;&nbsp; &nbsp;&nbsp;&nbsp; &nbsp;&nbsp; _________________________________________________________________________________<br>TEAMVIEWER &nbsp;RASPBERRY VIDEO SURVEILLANCE<br>RASP 1 - 248 914 938 / !KeepC077<br>RASP 2 - 254 362 838 / !KeepC077<br><br>Compte Caméra :<br>Keep / !KeepC077</p><p>Fichiers d\'installation et paramétrage des Raspberry Caméra&nbsp;<br><a href=\"Z:\\KEEP CONNECTION\\Applications\\IB IMMOBILIER\">Z:\\KEEP CONNECTION\\Applications\\IB IMMOBILIER</a><br><br>-----------------------------------------------------------------------------------------------------------------------------------------</p><p><strong>LICENCES :</strong><br><br>Severine :<br>Office 2019 Prp (fernando) : <strong>YGVNV-K67WR-HDPJJ-Q3HCR-BY7PT</strong><br>Windows 10 Pro : <strong>NRM4B-KTJP9-TPWXM-8TQFH-YY49G</strong><br>Office 2016 Pro Plus (Compte Microsoft) : <strong>PND77-GCQT6-6WWJG-BJHQ4-4X892</strong></p>'),
(30, 63, '<h3>Comptes Synology et OpenVpn</h3><p>&nbsp;<br><strong>IP Serveur local</strong><br>192.168.10.250<br><strong>&nbsp;DYNDNS (Récupère l\'IP publique actuelle)</strong><br>integralpro.synology.me&nbsp;<br>Port d\'ouverture : 1194<br><br><strong>Comptes :&nbsp;</strong><br>Faustine / NAs.Int.2019<br>Franck / Int.Nas.2019<br>Andreas / Int.2019.Nas<br><br>Admin / Int.Nas.2019<br>keepco / !Ecotoner77 (Administrateur)<br>Synovpn / 1nt3gr@lVpn<br><br><strong>SYNOLOGY Externe</strong><br>192.168.1.4<br>Admin / Int.Nas.2019<br>&nbsp;</p><h3>VPN IPSec</h3><p>Clé prépartagée : 1nt3gr@lVpn<br>Ouverture de port : 1701 / 500 / 4500</p><h3>Imprimante RDC</h3><p>Ricoh M C250FW<br>&nbsp;192.168.10.26<br>&nbsp;</p><p><br>&nbsp;</p>'),
(31, 64, '<p>M. Forissier : 06 07 28 87 86<br><br>l.forissier@inxtensia.fr<br><br>Lenovo-PC (ESET installé)<br><br>Laurent&nbsp;&nbsp;&nbsp; laurent&nbsp;&nbsp;&nbsp; 1975<br><br>Administrateur&nbsp;&nbsp;&nbsp; 1954</p>'),
(32, 65, '<p><strong>44 Avenue de Valvins, 77210 Avon</strong> ( Contact : M. Gaonache ou M. Glever : 01 60 39 72 47 - 06 84 90 68 74 )</p><p><strong>2 Rue Léon Patoux, 51100 Reims</strong> (&nbsp;Contact : Olivier Haran : 06 70 40 37 93)</p><p>-------------------------------------</p><p>Serveur IPSB <strong>AVON</strong> &nbsp;: &nbsp;TV : 1 &nbsp;005 880 678 ( Serveur-A2 )</p><p>Serveur IPSB <strong>Reims</strong> : TV : 437 435 138</p><p>mdp : administrateur : !Ecotoner2</p><p>--------------------------------------------------------------------------------------------</p><p>Parefeu Avon :</p><p>&nbsp;<a href=\"https://192.168.77.254:19443/\">https://192.168.77.254:19443</a></p><p>ID :&nbsp;&nbsp;&nbsp; admin&nbsp;&nbsp;&nbsp; /&nbsp;&nbsp;&nbsp; E7feA903c</p><p>&nbsp;IP publique : 212.234.192.180</p><p>___________________________</p><p>Parefeu Reims :</p><p>Parefeu : <a href=\"https://192.168.77.254:19443/\">https://192.168.77.254:19443</a></p><p>ID :&nbsp;&nbsp;&nbsp; admin&nbsp;&nbsp;&nbsp; /&nbsp;&nbsp;&nbsp; E7feA903c</p><p>IP publique : 90.85.15.157</p><p>---------------------------------------------------------------------------</p><p>Comptes IPSB Acronis :</p><p><a href=\"https://eu-cloud.acronis.com/\">https://eu-cloud.acronis.com</a></p><p>IPSB-Avon / !Ecotoner2<br>IPSB-Reims / !Ecotoner2</p><p>NAS : 192.168.77.250&nbsp;&nbsp;&nbsp; admin&nbsp;&nbsp;&nbsp; !Ecotoner2</p><p>-----------------------------------------------</p><p>AP D-Link DAP-2553</p><p>&nbsp;------------------------------------------------------------------------------</p><p><strong>ESET Endpoint Protection Standard</strong></p><p>Propriétaire de la licence : IPSB / IPSB<br><br>Nom d\'utilisateur : EAV-59358093<br>Mot de passe : 3435bpfr2a<br>Clé de licence : 4FWP-XHXX-CBUX-M98K-E73M<br>Date d\'expiration : 25/09/2018<br>Nombre de postes / serveurs : 65</p><p>_____________________________________</p><p>Scanner site d\'Avon :</p><p>3ème étage : iRA7565i &nbsp;&nbsp;&nbsp; iR-ADV C7565&nbsp;&nbsp;&nbsp; 192.168.77.201</p><p>4ème étage : 192.168.77.200</p>'),
(33, 67, '<p>2 sites<br><br>- 6 bis rue du bois Gasseau, 77210 Samoreau. 01.60.71.58.58<br><br>- 580 avenue de l’Europe, 77240 Vert Saint Denis. 01.64.37.79.79 (89.251.51.82)<br><br>contact@karma77.fr<br><br>Alain PROUTEAU : <a href=\"mailto:alainprouteau@karma77.fr\">alainprouteau@karma77.fr</a> : Tél. 06.07.01.99.51<br>---------------------------------------------------------------------------<br>Site de Samoreau :<br>&nbsp;</p><h3>karmamelun\\administrateur : k@2937nml8!</h3><p>1 Windows Serveur 2008 R2 Foundation<br><br>serveurmelun : TeamViewer :<strong> 1 002 091 505</strong> mdp : <strong>rpp728</strong> IP : 192.168.10.10<br>TeamViewer Serveur Samoreau : : 181 117 542<br><br>---------------------------------------------------------------------------<br><br>WiFi : <a href=\"http://keepco/Clients/Karma/Technique/Samoreau/Wiffi%20DIR-815.docx\">Wiffi DIR-815.docx</a><br><br>Code WiFi annexe (Algeco) : 24F5A99A<br><br>Progiciels : MasterCar (Cilea CDMI) et TopCompta (+33 (0)4 78 66 26 27)<br><br>----------------------------------------------------<br>Valisette de diagnostics : PC Portable (W10). KTS. &nbsp;Logiciel :<br>Utilisateur principal de la valise chez Karma : Raphael : 06 40 59 86 41<br>TeamViewer : 1 100 900 963<br>Contacts :<br>Thomas (revendeur logiciel AutoDistribution) : 06 85 12 35 89<br>Alexandre (Bosch) : 06 07 83 52 12<br><br><br><br><br><br><br>M. Robert (vendeur Melun) : 06 84 90 36 63<br><br>______________________________________________________<br><br>LICENCES OFFICE :<br><br>Carlos Ramos (office 2016 home &amp; business) : N2H9G-2QRPD-BHRPP-4M9T3-QRTBK<br>----------------------------------------------<br><br>FAQ :<br><br><strong>Je remplace le poste d\'un utilisateur de </strong><i><strong>Mastercarr</strong></i><strong>, comment réinstaller l\'application sur le nouveau poste ?</strong><br>Il suffit de recopier le dossier <i>\"Garagew\" </i>depuis l\'ancien ordinateur, de le coller sur le nouveau puis de recréer les raccourcis, si l\'application ne se lance pas dû au paramétrages réseau, il faut supprimer le fichier \"local.lic\" en local. Si un problème de licence apparaît, sur le serveur il faut supprimer le fichier \"ref2\".<br>Si d\'autres problèmes apparaissent, contacter CILEA (04 42 29 09 09)</p>'),
(34, 69, '<h4>2 heures de support sur site le matin (9-11) du lundi au vendredi.</h4><p>PC W7 &amp; 10<br>Contact : Bernard Owusu (<a href=\"mailto:bernard.owusu@lalique-beauty.com\">bernard.owusu@lalique-beauty.com</a>)<br><br>5 lignes de production (1 à 4 + la 7)<br><br>lalique-beauty.com<br>Domain : AFS<br><strong>afs.lan\\ecotoner</strong>&nbsp;&nbsp;&nbsp; &nbsp;&nbsp;&nbsp; @rt&amp;fr@g18<br><strong>Domain Admin</strong> : afs.lan\\administrateur&nbsp;&nbsp;&nbsp; &nbsp;&nbsp;&nbsp; L@l1qu32018!!!<br><br>mot de passe local des PC : Administrator@<br><br>192.168.20.xx<br><strong>TSE : 192.168.20.9</strong><br>------------------------<br><br><strong>PRTG</strong> (network analyzer) : login : AFS_Ury&nbsp;&nbsp;&nbsp;<br>https://prtg.xcloud.ch/index.htm&nbsp;&nbsp;&nbsp; AFS_Ury&nbsp;&nbsp;&nbsp;<br><br>-------------------------------------------------------<br><strong>VPN</strong> (FortiGate) : https://192.168.20.254:8443/&nbsp;&nbsp;&nbsp; admin&nbsp;&nbsp;&nbsp; admin2016<br><br><strong>TeeamViewer</strong> du PC Admin sur place : 787 000 902&nbsp;&nbsp;&nbsp; &nbsp;&nbsp;&nbsp; fhu928<br><br>-----------------------------------------------------------------------<br><br>Serveur <strong>Kiece</strong> (Controle des caméras) : 192.168.1.251 (Windows 10 Pro)</p>'),
(35, 76, '<p><strong>83, rue du Général Leclerc, 45200 Montargis</strong></p><p><strong>9, rue de Pougin, 45200&nbsp; Montargis</strong></p><p><strong>100 rue de la Libération, 45200 Montargis</strong><br><br><strong>14 rue de la Percherie</strong><br>&nbsp;</p><h4>VERIFIER LES IPs PUBLIQUE FIX FREE QUI CHANGENT SANS RAISON !!!!!!!</h4><h4>FREEBOX (192.168.0.254 / motdepasse box : loca45loca45loca45):</h4><p><a href=\"https://subscribe.free.fr/login/\">https://subscribe.free.fr/login/</a><br>&nbsp;</p><p>Numéro de ligne : 0238927173 / Compte Free : fbx17490812 / quahcuaz (78.247.180.1) / VPN : Ecotoner/!Ecotoner77)</p><p>Numéro de ligne : 0238167937 / Compte Free : fbx20050838 / gumoucha (78.247.181.144) / VPN : Ecotoner/!Ecotoner77)</p><p>POUGIN : Numéro de ligne : 0238160614 / Compte Free : fbx20106063 /ihaimien (88.166.154.194) / VPN : Ecotoner/!Ecotoner77)</p><p>100 LIBERATION : Numéro de ligne : 0238167930 / Compte Free : fbx20293218 /ienoutah (82.238.102.196) / VPN : Ecotoner/!Ecotoner77<br>&nbsp;</p><h4><strong>Serveurs Synology :&nbsp;</strong></h4><p><a href=\"https://account.synology.com/fr-fr\"><strong>https://account.synology.com/fr-fr</strong></a></p><p>Compte : huguesrenaux@hotmail.com / Qu1ckc0nn3ct</p><p>Compte accès interface synology : Administrator / M0nt@rg1s45</p><p>100 LIBERATION : 192.168.0.250 / 0011328355B5</p><p>83 GENERAL LECLERC : 192.168.0.250 / 001132594760</p><p>09 PATIS : 192.168.0.8 / 0011325947BC</p><p>09 POUGIN : 192.168.0.250 / 00113267F717</p><p><strong>156 Rue des Déportés</strong></p><p>Freebox-6A09FA 192.168.0.254 (loca45loca45loca45)</p><p>Syno DEP156 192.168.0.250</p><p>Caméras (admin/G3n3ral45)</p><p>192.168.0.134 ; 135 ; 136 ; 137 ; 138</p><p>&nbsp;</p><p><strong>14, rue de la Pecherie</strong></p><p>Freebox 6A09FA 192.168.0.254 (loca45loca45loca45)</p><p>Syno PEC14 192.168.0.250</p><p>Caméras (admin/G3n3ral45)</p><p>192.168.0.145 ; 146 ; 147 ; 148 ; 149</p><h2>Caméras :</h2><p><strong>9 PATIS</strong><br><br>HALLIMP04PORTE : 192.168.0.110 / admin/G3n3ral45<br>HALLIMP07PORTE : 192.168.0.111 / admin/G3n3ral45<br>PORCHEPAT09PORTE : 192.168.0.112 / admin/G3n3ral45<br>PORCHEPAT09PARK : 192.168.0.113 / admin/G3n3ral45<br>PAT06PARK : 192.168.0.114 / admin/G3n3ral45<br>HALLPAT11PORTES : 192.168.0.115 / admin/G3n3ral45<br>PAT09VELO : 192.168.0.116 / admin/G3n3ral45<br>BUANDPAT09A : 192.168.0.117 / admin/G3n3ral45<br>BUANDPAT09B : 192.168.0.118 / admin/G3n3ral45<br><br><br><strong>83 GENERAL</strong><br><br>HALLGAL83MURn : 192.168.0.132 / admin/G3n3ral45<br>HALLGAL83PORTE : 192.168.0.131 / admin/G3n3ral45<br>HALLGAL83RUE : 192.168.0.130 / admin/G3n3ral45<br><br><strong>9 POUGIN</strong><br><br>HALLPOU09ESC : 192.168.0.140 / admin/G3n3ral45<br>HALLPOU09MUR : 192.168.0.142 / admin/G3n3ral45<br>HALLPOU09PORTEn : 192.168.0.141 / admin/G3n3ral45<br><br><strong>100 LIBERATION</strong><br><br>LIB100_extport : 192.168.0.101 / admin/admin123<br>LIB100_escal : 192.168.0.102 / admin/admin123<br>LIB100_extcours : 192.168.0.103 / admin/admin123<br>&nbsp;</p><h2>Controleurs WIFI (192.168.0.253) <i>FIREFOX!!</i> :</h2><p>&nbsp;</p><p>APC 500 (9, Patis) : 192.168.0.253:1050 (réseau local) / <a href=\"http://88.122.95.236:31050/\">88.122.95.236:</a>31050 / admin/G3n3ralW1F1</p><p>APC 500 (83, Gal Leclerc) : 192.168.0.253:1050 (réseau local) / <a href=\"https://88.166.154.197:51050\">88.166.154.197:</a>51050 / Admin/G3n3ralW1F1</p><p>APC 500 (9, Pougin) : 192.168.0.253:1050 (réseau local) / <a href=\"88.166.154.194:31050\">88.166.154.194:</a>31050 / Admin/G3n3ralW1F1</p><p>WAP1750 &nbsp;(100, Libération) : &nbsp;192.168.0.253:1050 (réseau local) / <a href=\"http://91.172.245.34:31050/\">91.172.245.34:31050</a> / admin/G3n3ralW1F1<br>[MAC 2.4Ghz : 74DA38D329E2 ; 5Ghz : 74DA38D329E3 ; S/N : WAP175076CC00081]&nbsp;</p><h2>Points d\'accès WIFI :</h2><p><strong>9 PATIS</strong><br>CAP300rdcIMP04 / 74:DA:38:89:AF:FE / 192.168.0.200 / admin/G3n3ralW1F1<br>CAP300Imp11Rdc / 74:DA:38:89:AF:FF / 192.168.0.201 / admin/G3n3ralW1F1<br>CAP3001eIMP06 / 74:DA:38:89:B0:03 / 192.168.0.202 / admin/G3n3ralW1F1<br>CAP300rdcPAT07 /&nbsp; 74:DA:38:8E:B2:94 /&nbsp; 192.168.0.203 / admin/G3n3ralW1F1<br>CAP300burPAT09 / 74:DA:38:A9:2D:43 / 192.168.0.204 / admin/G3n3ralW1F1<br>Pat09Spare / 74:DA:38:DE:D1:96 / 192.168.0.205 / admin/G3n3ralW1F1<br>AP74DA38DED1FE / 74:DA:38:DE:D1:FE / 192.168.0.206 / admin/G3n3ralW1F1 (ne diffuse pas encore)</p><p><strong>83 GENERAL</strong><br>CAP83GAL1 / 74:DA:38:C9:F0:D5 / 192.168.0.200 / admin/G3n3ralW1F1<br>CAP83GAL2 / 74:DA:38:8E:B2:92 / 192.168.0.201 / admin/G3n3ralW1F1 (1234)&nbsp;<br><br><strong>9 POUGIN</strong><br>CAP3002ePOU09 / 74:DA:38:A9:2D:4B / 192.168.0.200 / admin/1234<br>CAP300RdCPOU09 / 74:DA:38:C9:F0:D0 / 192.168.0.201 / admin/1234<br>CAP3003ePOU09 / 74:DA:38:A9:2D:40 / 192.168.0.202 / admin/1234<br><br><strong>100 LIBERATION</strong> (WIFI_LOCA45_100LIB)<br>CAP3001 / 74:DA:38:A6:09:9D /192.168.0.202 / admin/G3n3ralW1F1<br>CAP3002 / 74:DA:38:A6:09:C5 /192.168.0.201 / admin/G3n3ralW1F1<br>CAP3003 / 74:DA:38:A6:09:C0 /192.168.0.200 / admin/G3n3ralW1F1<br><br>&nbsp;</p><p><br><strong>PLAN D\'ADRESSAGE</strong><br><br>192.168.0.254 = Les FREEBOX<br>192.168.0.253 = Les Contrôleurs WIFI<br>192.168.0.250 = Les serveurs Synology (09PAT a changer 8 pour l\'instant)<br>192.168.0.200 &gt; 249 = Les bornes WIFI<br>192.168.0.100 &gt; 199 = Les caméras (Il ne peut pas y avoir 2 caméras avec la même IP, sur le réseau QuickConnect)<br>192.168.0.1 &gt; 99 = Libres pour le moment<br>&nbsp;</p><h2><strong>CAC 75</strong></h2><p>41, rue Guerin, 77300 Fontainebleau<br>&nbsp;</p><h2><strong>Serveurs Synology :&nbsp;</strong></h2><p>Compte accès interface synology :<br><br>&nbsp;Administrator / F0nt@1n3bl3@u77!<br><br>hugues / %5A5PS<br><br><br>Dossiers partagés :<br><br>CAC75 = Sauvegarde de l\'ordinateur CAC75<br>HR = Stockage CAC75<br>MP ; AR ; LR et Autres = Stockage Famille</p>'),
(36, 81, '<p>CORINNE MANLIUS&nbsp;<br>corinne.manlius.avocat@orange.fr<br><a href=\"https://www.google.com/search?gs_ssp=eJzj4tZP1zcsSTOzTMotN2C0UjWoMDFPNU1JNbQ0MkkysTBNNrcyqEi0SDMxTzRKtbQ0TjFPtTD34stNzCwpSlXITczLySwtBgCW8BRZ&amp;q=maitre+manlius&amp;oq=maitre+manlius&amp;aqs=chrome.1.69i57j46i175i199i512.12533j1j15&amp;sourceid=chrome&amp;ie=UTF-8#\">01 88 24 83 51</a><br><br>WIFI : SSID : CabinetManliusMoutardier / Mdp : mathilde01</p><h4>&nbsp;(Futur) Ancien Prestataire informatique :</h4><p>Julien Perret&nbsp;Société Eiffie<br><a href=\"mailto:jperret@eiffie.fr\">jperret@eiffie.fr</a><br>01 84 17 65 59 / 06 59 54 27 72<br>Loue un Parefeu Watchguard T10 pour lequel nous n\'avons aucun identifiants jusqu\'au 31/11/2018 (12 mois depuis le 30/11/2017)</p><p>________________________________<br><br>NAS Mycloud Western Digital : 192.168.2.10 (admin / Manlius91) Utilisé comme serveur de fichiers<br>Comptes NAS :<br>aurelie / Valentinnas0721<br>juliette / Valentinnas0721<br>corinne / Natoulolo3<br><br>________________________________</p><p>IP Fixes des postes :<br>192.168.2.198 : Corinne<br>192.168.2.194 : Aurélie<br>192.168.2.195 : Collabaratrice<br>192.168.2.198 : Imprimante</p><p>__________________________________________<br><br><strong>ADSL Everlink</strong><br>support : 01 85 76 21 14 / 08 11 04 05 71<br>IP locale : 10.0.1.254/24 (LiveBox)<br>IP publique : 37.97.108.229<br>DHCP désactivé<br>Règles NAT : Redirection vers 10.0.1.253 sur ports : 500, 4118, 4117, 22, 23, 443, 5005, 4500, 443, 5001, 5000, 8000<br>Username : fti/fraxuh2<br>pwd : egbhhwv<br><br>_________________<br><br>Orange LiveBox mdp : jg2NJ9XK<br>10.0.1.254<br>________________<br><br>Linksys LRT214 : 192.168.2.254<br>admin / !Ecotoner77<br>_____________________________________________________________________________________<br><br>CLE OFFICE 2016 PRO (MANLIUS) :<br><strong>X94N8-V96KJ-X4VV7-9TK7M-39M3P &nbsp;: &nbsp;Juliette</strong><br><strong>V89BN-7BX2T-JT9PH-WTW6X-T83VC &nbsp;: &nbsp;Corinne</strong><br><strong>M4RV3-NQM7Q-V8FY7-CF4YD-DV7HC &nbsp;: &nbsp;Aurélie</strong></p>'),
(37, 86, '<p><br>Responsable : Mme Basset<br><br>________________________<br><br><br>FAI : OVH, géré par Actif Télécom, sous-traité par SoftWhere.<br><br>Contact <strong>Actif Télécom </strong>: Nicolas Delobelle : 06 50 28 20 22. <a href=\"mailto:sebastien.lejeune@softwhere.fr\">n.delobelle@actif-telecom.fr</a><br><br>Contact <strong>SoftWhere</strong> : Julie L\'helgouarc\'h : 02.98.93.49.10 (<a href=\"mailto:julie@softwhere.fr\">julie@softwhere.fr</a>)<br><br>Dirigeant <strong>SoftWhere</strong> : <a href=\"mailto:sebastien.lejeune@softwhere.fr\">sebastien.lejeune@softwhere.fr</a><br><br>Box Technicolor : IP 192.168.1.1 branché sur la ligne vDSL : 01 60 39 04 21<br><br>Un PC sert de serveur. Nom du PC : Serveur-PC&nbsp;&nbsp;&nbsp; &nbsp;&nbsp;&nbsp; Compte :&nbsp;&nbsp;&nbsp; serveur&nbsp;&nbsp;&nbsp; /&nbsp;&nbsp; &nbsp; solvimoavon&nbsp;&nbsp;&nbsp; &nbsp;&nbsp;&nbsp; IP Fixe : 192.168.1.35<br><br>Passerelle et DNS : 192.168.1.1</p>'),
(38, 88, '<p>Synology (192.168.1.200)</p><p>Admin / @dm1nth0m3ry&nbsp;&nbsp;&nbsp; &nbsp;&nbsp; Chiffrement dossier partagé : beatrice</p><p>Beatrice / marie25!</p><p>Philippe / maxime25!</p><p><br>&nbsp;</p><p>&nbsp;&nbsp; Sessions Windows :</p><p>Philippe / Maxime2508!!</p><p><br>&nbsp;</p><p>Boite Gmail :</p><p>cabinetdornano@gmail.com / maxime25!</p>'),
(39, 89, '<p>serveur-soins<br>192.168.10.151<br>serveur-soins.soins.patios.com<br><br>&nbsp;</p><p>Administrateur / Patios77370</p><p>Compte admin ? : lespatios<br><br>Progiciel : xemelios<br><br>compte pour TSE Osiris : medecin&nbsp;&nbsp;&nbsp; &nbsp;&nbsp;&nbsp; &nbsp;&nbsp;&nbsp; mdp : &nbsp;&nbsp;&nbsp; &nbsp;&nbsp;&nbsp; &nbsp;&nbsp;&nbsp; medecin<br>&nbsp;</p>'),
(40, 91, '<p>Hôtel d’entreprises<br><br>contact@philippon-geometre.fr<br><br>06 17 92 45 79<br>&nbsp;</p>'),
(41, 93, NULL),
(42, 99, '<p>Synology<br><br>192.168.1.200:5000<br><br>http://QuickConnect.to/espacesellerie3000 ---&gt; Ancien syno<br><br>http://quickconnect.to/lespacesellerie<br>lespacesellerie.synology.me<br><br>keepco / !KeepC077<br>cedric / recaro89<br>laurent / cedriclaurent<br>amandine / @manDine!<br>&nbsp;</p>'),
(43, 100, '<p>Compte Exchange OVH<br><a href=\"mailto:contact@siromsas.fr\">contact@siromsas.fr</a> / !S1r0m377s@s!<br><br>Compte Wanado<br>sirom@wanadoo.fr / Lisa2020</p>'),
(44, 101, '<p>compte live mail&nbsp; pour Microsoft office 2013<br>sorvim@live.fr / !Ecotoner<br><br>IMPRIMANTE CANON COPIEUR<br>administrator / 987654321</p>'),
(45, 110, '<p><a href=\"http://keepco/clients/TybrazLic.html\">LICENCES OFFICE &amp; VPN</a></p><p><strong>26 Rue des Cailloux, 77880 Grez-sur-Loing</strong></p><p>01 64 45 76 20</p><p>Comptable :&nbsp;(Ancien : Noëlie) 07 66 87 04 80 / 01 40 26 35 75</p><p>(Nouveau : Olivier Mallen &nbsp;/ Magali Pech) 04 42 02 08 45</p><p>&nbsp;&nbsp;&nbsp; &nbsp;&nbsp;&nbsp; &nbsp;&nbsp;&nbsp; &nbsp;&nbsp;&nbsp; &nbsp;&nbsp;&nbsp; &nbsp;&nbsp;&nbsp; &nbsp;&nbsp;&nbsp; &nbsp;&nbsp;&nbsp; &nbsp;&nbsp;&nbsp; &nbsp;&nbsp;&nbsp; &nbsp;&nbsp;&nbsp; &nbsp;&nbsp;&nbsp; &nbsp;&nbsp;&nbsp; &nbsp;&nbsp;&nbsp; &nbsp;&nbsp;&nbsp; &nbsp;&nbsp;&nbsp; &nbsp;&nbsp;&nbsp; &nbsp;&nbsp;&nbsp; &nbsp;&nbsp;&nbsp; &nbsp;&nbsp;&nbsp; &nbsp;&nbsp;&nbsp; &nbsp;&nbsp;&nbsp; &nbsp;&nbsp;&nbsp; &nbsp;&nbsp;&nbsp; &nbsp;&nbsp;&nbsp; &nbsp;&nbsp;&nbsp; &nbsp;&nbsp;&nbsp; &nbsp;&nbsp;&nbsp; &nbsp;&nbsp;&nbsp; &nbsp;&nbsp;&nbsp; &nbsp;&nbsp;&nbsp; &nbsp;&nbsp;&nbsp; &nbsp;&nbsp;&nbsp; &nbsp;&nbsp;&nbsp; &nbsp;&nbsp;&nbsp; &nbsp;&nbsp;&nbsp;</p><h2><strong>Serveur :</strong><br>&nbsp;</h2><p>WIFI : SSID : Tybraz Mdp : entreprisetybraz77</p><p><br>&nbsp;</p><p><br>&nbsp;</p><p>1 serveur W2k12. <strong>serveur-ad.tybraz.local</strong> / <strong>administrateur</strong> / <strong>tybraz!! &nbsp;&nbsp; &nbsp;&nbsp;&nbsp; &nbsp;10.10.37.215</strong></p><p><strong>serveur-tse.tybraz.local&nbsp;</strong>&nbsp; &nbsp;&nbsp;&nbsp; &nbsp;/&nbsp;&nbsp; &nbsp;&nbsp;&nbsp; &nbsp;tybraz!!&nbsp;&nbsp;&nbsp; &nbsp;&nbsp;&nbsp; 10.10.37.216</p><p>( TeamViewer : 724 016 144 / **Ecotoner** )&nbsp;</p><p><strong>Acronis</strong> sur NAS : contact@ecotoner.fr / &nbsp;!Tybraz77</p><p>Acronis utilisateur : contact@ecotoner.fr / **ECOTONER**77</p><p><a href=\"http://keepco/clients/Tybraz.html#Mail\"><strong>Mails</strong></a></p><p>IP du NAS : 10.10.37.217</p><p><br><br>Connexion via <strong>Orange</strong> sur un <strong>D-Link</strong> en mode <strong>bridge</strong>. Puis le Parefeu fait office de routeur-DHCP.<br><br><strong>Parefeu Netasq/StormShield : 10.10.37.254:19443&nbsp;&nbsp;&nbsp; &nbsp;&nbsp;&nbsp; mdp :&nbsp;E7feA903c</strong><br>&nbsp;</p><p><strong>QuadraCompta </strong>(3 licenses) et <strong>QuadraFact&nbsp;</strong>. Executé sur le serveur en TS. Contact : <a href=\"http://www.cegid.com/fr\">Cegid</a> (0811 884 888)</p><p>Support Cegid (0826 888 488)</p><p><i><strong>D\'après CEGID, devrait être en mode Client-Serveur.*</strong></i><br><i><strong>Install du client : \\\\serveur-tse\\qappli\\Quadra\\Station\\setup.exe</strong></i><br><br><i><strong>Impression Quadra :</strong></i><br><i><strong>Substitution des polices TrueType (ne pas utiliser \"remplacer par la police du périphérique\" &amp; mettre en Bitmap les polices TrueType.</strong></i></p><p>_______________________________________________<br>&nbsp;</p><p>LogiKal : 03 69 61 83 63</p><p>Tourne sur le vm-TSE (vieux serveur)</p><p>&nbsp;</p><p>Contact <strong>QuadraFact</strong> : M. Restif : 06 08 83 61 21</p><p>______________________________________________________</p><p><strong>ProDevis </strong>(Groupe Elcia, support : <strong>04 72 18 51 43</strong>). Executé sur le serveur en TS.<br>&nbsp;</p><p>elcia &nbsp;&nbsp;&nbsp; https://my.elciaonline.com&nbsp;&nbsp;&nbsp; francois@tybraz.fr&nbsp;&nbsp;&nbsp; !TyBraz77@</p><p>N° Client : TYB01</p><p>Compte <strong>Google Drive </strong>pour <strong>ProDevis</strong> : ProDevis.Tybraz@gmail.com&nbsp;&nbsp;&nbsp; !Ecotoner77</p><p><a href=\"http://keepco/Clients/TyBraz/Technique/ProDevis/Licences%20prodevis.ods\">Utilisateurs ProDevis</a></p><p>________________________________________________________</p><p><strong>Utilisateurs</strong></p><p>mdp commun : tybraz</p><p>Sandra : 06 33 74 74 53</p><p>_______________________________________________________________________</p><p><strong>VPN</strong> : Client Stormshield.</p><p>_________________________________________________</p><p>&nbsp;</p><h4>Mail chez OVH : webmail : <a href=\"https://exchange.tybraz.fr/\">https://exchange.tybraz.fr</a> &nbsp;</h4><p><a href=\"http://keepco/Clients/TyBraz/Technique/Mails/MDP%20Exchange.xlsx\">Liste des comptes.</a></p><p><br>LP61569-OVH&nbsp;&nbsp;&nbsp; /&nbsp;&nbsp; &nbsp;@Ec0TonEr77</p><p><br>prénom@tybraz.fr &nbsp;&nbsp;&nbsp; ou&nbsp;&nbsp;&nbsp; prénom.nom@tybraz.fr<br>exemple mdp Tybraz ou Typro :&nbsp;&nbsp;&nbsp; &nbsp;&nbsp;&nbsp; !77TybrazPl@&nbsp;&nbsp;&nbsp; &nbsp;&nbsp;&nbsp; \"Pl\" = Initiale Patrick Larantec<br>exemple mpd Tybask.fr :&nbsp;&nbsp;&nbsp; !64TybaskPl@&nbsp;&nbsp;&nbsp; \"Pl\" = Initiale Patrick Larantec<br><br><br>&nbsp;</p><h2><strong>Impression</strong></h2><p>Traceur HP Design T520 36 (10.10.37.103)</p><p>Xerox WorkCentre 7855 - 1er étage : 10.10.37.106 (interface web : admin : 1111)</p><p>Imprimante BE : 10.10.37.109</p><p>Xerox Versalink B7025. Scan to mail. Support Xerox : 0 825 012 013</p><p>____________________________________________________________</p><p>CERTIGNA (Signature Numérique)</p><p>Responsable légal : François Reix&nbsp;&nbsp;&nbsp; Login : TJ050572&nbsp;&nbsp;&nbsp; Mdp : TybrazFr!77<br>&nbsp;</p><p>Delphine Reix&nbsp;&nbsp;&nbsp; &nbsp;&nbsp;&nbsp; Login : DP399028&nbsp;&nbsp;&nbsp; Mdp : Tybrazdr!<br>&nbsp;</p><p>Florence Chapelet&nbsp;&nbsp;&nbsp; Login : AX398190&nbsp;&nbsp;&nbsp; Mdp : TybrazFc!77</p><p>________________________________________________________________________</p><p><strong>Acronis François Reix</strong></p><p>Clé de chiffrement : Mdpsosmd!98PPMD77**</p><p>____________________________________________________________________</p><p>FAQ :</p><p><i>Que faut-il faire quand Cécile Casanova appelle parce que Excel 2010 n\'ouvre ces fichiers ?</i></p><p><strong>Lorsque Cécile appelle, il suffit de faire une réparation de la suite Office 2010.</strong></p><p>&nbsp;</p><p><i>Mon utilisateur veut utiliser Logikal, comment faire ?</i></p><p><strong>Un mappage réseau est a configurer : W:\\ vers \\\\serveur-tse\\Progiciels\\Logikal ; Ensuite il faut copier le raccourci qui se trouve dans le dossier Logikal, sur le bureau de l\'utilisateur</strong></p><p>____________________________________________________________________________________________________________________________________________</p><p>Compte mail Zeendoc :</p><p>tybrazentreprise@gmail.com / @TybrazE!</p>'),
(46, 111, '<p>Patrick Larhantec : 06 86 99 15 46<br><br>Conceicao Larhantec : 06 07 83 38 84<br>-----------------------<br>Compte AD et mails<br><br>conceicao@tybask.fr&nbsp;&nbsp; &nbsp; &nbsp;&nbsp; &nbsp;&nbsp;&nbsp; pMp*9800p<br>patrick@tybask.fr&nbsp;&nbsp;&nbsp; &nbsp;&nbsp;&nbsp; &nbsp; &nbsp;&nbsp;&nbsp; Pmfpdio98**<br>sandra@tybask.fr&nbsp;&nbsp;&nbsp; &nbsp;&nbsp;&nbsp; DfpIop*E!<br>simon@tybask.fr&nbsp;&nbsp;&nbsp; &nbsp;&nbsp;&nbsp; DqwmP69*<br><br>TeamViewer Serveur : 986 885 663 **Ecotoner**<br>_____________________________________________________________________<br><br>administrateur : !Ecotoner77<br><br>tybask-ad : 192.168.88.238<br>TSE : VMProDevis : 192.168.88.253<br><br>Mot de passe des comptes sur <strong>TSE</strong> : !Tybask**<br>Administrateur : **Ecotoner**<br><br><br>Serveur au TechnoPôle Izarbel. Société Ty Happy, RdC Bureau n°3<br>IP Publique : 185.219.241.36<br><br>Contact Informatque au Pôle : Benoit Gikel : 05 59 43 84 37<br><br><strong>ProDevis </strong>(Groupe Elcia, support : <strong>04 72 18 51 43</strong>). Executé sur le serveur en TS.<br>Demander Olivier au Niveau 2<br><br><strong>ESPACE CLIENT OVH</strong> :<strong> lp8057603-ovh</strong> &nbsp;/ &nbsp;</p><p>**Ec0TonEr77</p><p><br><br>________________________________<br><br>&nbsp;</p><p><strong>Arnaud&nbsp;&nbsp;&nbsp; </strong><a href=\"mailto:arnaud@tybask.fr\">arnaud@tybask.fr</a>&nbsp;&nbsp;&nbsp;&nbsp;&nbsp;&nbsp;&nbsp;&nbsp;&nbsp;&nbsp;&nbsp;&nbsp;&nbsp;&nbsp;&nbsp;&nbsp;&nbsp;&nbsp;&nbsp;&nbsp;&nbsp;&nbsp;&nbsp; !Tybask64aD@<br><br><strong>Nicolas&nbsp;&nbsp;&nbsp; </strong><a href=\"mailto:nicolas@4tro.fr\">nicolas@4tro.fr</a> &nbsp;&nbsp;&nbsp;&nbsp;&nbsp;&nbsp;&nbsp;&nbsp;&nbsp;&nbsp;&nbsp;&nbsp;&nbsp;&nbsp;&nbsp;&nbsp;&nbsp;&nbsp;&nbsp;&nbsp;&nbsp;&nbsp;&nbsp;&nbsp;&nbsp;&nbsp; !Tybask64nC@&nbsp; &nbsp;&nbsp;&nbsp;&nbsp;&nbsp;&nbsp;&nbsp;&nbsp;&nbsp;&nbsp;&nbsp;&nbsp; avec redirection pour <a href=\"mailto:contact@4tro.fr\">contact@4tro.fr</a></p><p>et&nbsp;</p><p><a href=\"mailto:nicolas@tybask.fr\">nicolas@tybask.fr</a>&nbsp;&nbsp;&nbsp;&nbsp;&nbsp;&nbsp;&nbsp;&nbsp;&nbsp;&nbsp;&nbsp;&nbsp;&nbsp;&nbsp;&nbsp;&nbsp;&nbsp;&nbsp;&nbsp;&nbsp;&nbsp;&nbsp;&nbsp; !Tybask64nC@&nbsp; &nbsp;&nbsp;&nbsp;&nbsp;&nbsp;&nbsp;&nbsp;&nbsp;&nbsp;&nbsp;&nbsp;&nbsp; avec redirection pour <a href=\"mailto:contact@tybask.fr\">contact@tybask.fr</a></p><p><strong>Planning</strong> : &nbsp;&nbsp;&nbsp; &nbsp;&nbsp;&nbsp; planning@tybask.fr&nbsp;&nbsp;&nbsp; &nbsp;&nbsp;&nbsp; !KsabytPt@</p><p>Compta Tybask :&nbsp;&nbsp;&nbsp; &nbsp;&nbsp;&nbsp; compta@tybask.fr&nbsp;&nbsp;&nbsp; &nbsp;&nbsp;&nbsp; !64KsabytCt@</p>'),
(47, 10, '<p>M. Badin<br><br><br>&nbsp;</p><figure class=\"table\"><table><tbody><tr><td><strong>admin_Login</strong></td><td><strong>admin_Psw</strong></td></tr><tr><td>Alexandre</td><td>vivi</td></tr><tr><td>alize</td><td>!Ecotoner</td></tr><tr><td>PC Alexandre</td><td>vivi6464</td></tr></tbody></table></figure><p>PC Guillaume CLIENT-SAV&nbsp;&nbsp; &nbsp;&nbsp; &nbsp;&nbsp; &nbsp;&nbsp; &nbsp;&nbsp; &nbsp;&nbsp; &nbsp;&nbsp; &nbsp;&nbsp; &nbsp;&nbsp; &nbsp;&nbsp; &nbsp;&nbsp; &nbsp;&nbsp; &nbsp;&nbsp; &nbsp;&nbsp; &nbsp;&nbsp; &nbsp;&nbsp; &nbsp;&nbsp; &nbsp;&nbsp; &nbsp;&nbsp; &nbsp;&nbsp; &nbsp;&nbsp; &nbsp;&nbsp; &nbsp;&nbsp; chailly77<br><br><br>&nbsp;</p><figure class=\"table\"><table><tbody><tr><td>Email utilisateurs</td><td>Mot de passe mail</td></tr><tr><td><a href=\"mailto:a.badin@alizeautomobiles.com\">a.badin@alizeautomobiles.com</a></td><td>fandevolant77</td></tr><tr><td><a href=\"mailto:commercial@alizeautomobiles.com\">commercial@alizeautomobiles.com</a></td><td>alizeautomobile77</td></tr><tr><td><a href=\"mailto:client-sav@alizeautomobiles.com\">client-sav@alizeautomobiles.com</a></td><td>chailly77</td></tr></tbody></table></figure><p><br>ShadowProtect</p>'),
(48, 78, '<p>Réseau Administratif : Réseau sur lequel Ecotoner n\'intervient pas (10.77.*.*)<br><br>Réseau Pédagagique : Réseau sur lequel Ecotoner intervient. (172.16.xxx.xxx)<br><br>Compte réseau <strong>admin Ecotoner</strong> : kgomm&nbsp;&nbsp;&nbsp; /&nbsp;&nbsp;&nbsp; kgommez<br><br>Compte Admin Local : malraux\\administrateur&nbsp;&nbsp;&nbsp; Aristo1972<br><br>Compte lycam : Lycam / ampapc<br><br>Mot de passe BIOS: rufok<br><br>--------------------------------------------------------------------------<br>cpacm<br><br>IPs : 173.16.16.*<br>Masque : 255.255.0.0 (/16)<br>Gateway : 172.16.0.1<br>DNS : 172.16.0.5 et 0.10<br><br><br>assistance-reseau@lycam.fr&nbsp;&nbsp;&nbsp; /&nbsp;&nbsp;&nbsp; Montereau2018<br><br>kgomm@lycam.fr&nbsp;&nbsp;&nbsp; /&nbsp;&nbsp;&nbsp; ludobru<br><br><br>incb &nbsp;: TurboSelf : Badges<br>--------------------------------------------------------------------------<br><br>PHOTOCOPIEURS EASUS<br>Admin / Admin<br><br>---------------------------------------------------------------------<br>Compte Pronote et Télechargement<br><a href=\"https://tele7.index-education.com/telechargement/pn/v2020.0/exe/Install_PRNclient_FR_2020.0.2.7_win64.exe\">Télécharger Pronote</a><br><br>Identifiant : jkgom<br>Mot de passe : !Ecotoner77<br>Code PIN : 0000<br><br>--------------------------------------------------------------------------<br>IP Bat B 3eme Etage :&nbsp; 172.16.30.01 - 172.16.30.89<br>Passerelle : 172.16.0.1<br>DNS 1 : 172.16.0.5<br>DNS 2 : 172.16.0.10<br>DNS 3 : 172.16.0.11<br><br>Contact admin region : Cachemaster@ac-creteil.fr<br><br>cpacm<br><br>IPs : 173.16.16.*<br>Masque : 255.255.0.0 (/16)<br>Gateway : 172.16.0.1<br>DNS : 172.16.0.5 et 0.10<br><br><br>assistance-reseau@lycam.fr&nbsp;&nbsp;&nbsp; /&nbsp;&nbsp;&nbsp; Montereau2018<br><br>kgomm@lycam.fr&nbsp;&nbsp;&nbsp; /&nbsp;&nbsp;&nbsp; ludobru<br><br><br>incb &nbsp;: TurboSelf : Badges<br><br>&nbsp;</p>'),
(49, 79, '<p>Thibaut\\administrateur&nbsp;&nbsp;&nbsp; /&nbsp;&nbsp;&nbsp; @dmin2015%<br><br>AD &amp; DHCP : 172.16.1.7<br><br>Network Shares : 172.16.1.14<br><br>EBP : 172.16.1.9<br><br>NAS : 172.16.1.11&nbsp;&nbsp; &nbsp;/&nbsp;&nbsp; &nbsp;Thibaut4<br><br>tice.thibaut@gmail.com&nbsp;&nbsp; &nbsp;&nbsp;&nbsp; &nbsp;/&nbsp;&nbsp; &nbsp;&nbsp;&nbsp; &nbsp;thibaut4<br><br>.\\adminlocal&nbsp;&nbsp; &nbsp;&nbsp;&nbsp;&nbsp; /&nbsp;&nbsp; &nbsp;&nbsp;&nbsp; &nbsp; Thibaut2015% &nbsp;&nbsp;&nbsp; ou&nbsp;&nbsp;&nbsp; &nbsp;&nbsp;&nbsp; thibaut2015%</p>'),
(50, 28, '<p>Karen, Cendrine &amp; Pascale<br><br>--------------------------------------------------<br><br>\"Serveur\" :&nbsp; XP Pro : 192.168.1.4&nbsp;&nbsp;&nbsp; &nbsp;&nbsp;&nbsp; &nbsp;&nbsp;&nbsp; &nbsp;&nbsp;&nbsp; mdp : jeanne<br><br>OVH pour mails et site web (non-Ecotoner).<br><br>Mot de passe \"général\" : ceka8484 (WiFi)<br><br>----------------------------------------<br><br>EBP : Identifiant : ceka&nbsp;&nbsp;&nbsp; &nbsp;&nbsp;&nbsp; Mot de passe : UzjmCLYM&nbsp;<br><br>---------------------------------------------<br><br><strong>ESET NOD32 Antivirus : Propriétaire de la licence : CEKA SERVICES</strong><br><strong>Nom d\'utilisateur : EAV-41029577</strong><br><strong>Mot de passe : ep7h472xpp</strong><br><strong>Clé de licence : FR84-ABA7-W7DD-PE7X-C4S6</strong><br><strong>Date d\'expiration : 29/01/2021</strong><br><strong>Nombre de postes : 4</strong><br><br>____________________________________<br><br><br>Mails (OVH et Gmail)<br><br>Tout est en POP3 vers un fichier *.pst local sur chaque PC.<br>\"Puis dans contact@cekaservices.fr, un dossier dans la boite de réception pour chaque compte et une règle Outlook pour que chaque compte soit reçu dans son dossier respectif.\"<br><br><br>-------------------<br><br>&nbsp;</p>'),
(51, 30, '<p><br>Livebox-5d92<br><br>admin / E3CED545<br><br>Mot de passe WIFI : CERVINIA77<br><br>___________________________________________<br><br>Direction :<br><br>Xerox Workcenter 6605 : 10.150.110.221 (Code PIN : 1111)<br>&nbsp;</p>'),
(52, 115, '<p>Bureau distant Serveur PostGré SQLServer<br>Serveur : 192.168.1.105<br>Telemaintenance : 317 425 303 / !KeepC077<br>LOGIN : FPROD\\administrateur<br>MDP : smGh!sm7X@<br><br>VPN :&nbsp;<br>Default Server&nbsp;: VPN.FRAGRANCES-PRODUCTION.FR:4433<br>Default Domain&nbsp;: LocalDomain<br>VPN : Bruno Burdillat / !Cr33dVPN!<br><br>VPN SYNOLOGY :&nbsp;<br>admin / smGh!sm7X@<br>m.battaglia / Ury2022!<br><br><br>&nbsp; &nbsp; &nbsp; &nbsp; &nbsp; &nbsp; &nbsp; &nbsp; &nbsp; &nbsp; &nbsp; &nbsp; &nbsp; &nbsp; &nbsp; &nbsp; &nbsp; &nbsp; &nbsp; &nbsp; &nbsp; &nbsp; &nbsp; &nbsp; &nbsp; &nbsp; &nbsp; &nbsp; &nbsp; &nbsp; &nbsp; &nbsp; &nbsp; &nbsp; &nbsp; &nbsp; &nbsp;<strong>Distribution BAIE PRINCIPALE</strong></p><figure class=\"table\"><table><tbody><tr><td colspan=\"2\">Bandeau</td></tr><tr><td colspan=\"2\">Switch</td></tr><tr><td colspan=\"2\">Switch</td></tr><tr><td colspan=\"2\">Bandeau</td></tr><tr><td colspan=\"2\">SRV-DC02 / XXX / RDS01<br>&nbsp; &nbsp; &nbsp;1.101 / 1.102 / 1.103</td></tr><tr><td colspan=\"2\">&nbsp; Backup SYNOLOGY<br>&nbsp; &nbsp; &nbsp; &nbsp; &nbsp; &nbsp; &nbsp; &nbsp; &nbsp; &nbsp; 1.104</td></tr><tr><td>SRV-APP01<br>&nbsp; &nbsp; &nbsp;1.109</td><td>FP-DC01<br>&nbsp; &nbsp; 1.111</td></tr></tbody></table></figure><p><br>\\\\SRV-DC02 → Serveur de Stockage et Hyper-V &nbsp;pour 1.102/103→ 1.101<br>\\\\SRV-XXX → 1.102<br>\\\\SRV-RDS01 → Serveur RDP Sage →1.103<br>\\\\srv-nas → Backup Synology → 1.104<br>\\\\SRV-APP01 → Serveur Sage Utilisateur → 1.109<br>\\\\FP-DC01 → Controleur de Domaine, DHCP, DNS, Active-X, Scanner&nbsp;et impression →1.111<br>&nbsp;</p><p>HYPERVISEUR → 1.100 → Administrator : Nemoxia77<br><br>Copieur Administration 3050N<br>192.168.1.113<br><br>Compte Microsoft<br><a href=\"mailto:admin@fproduction.onmicrosoft.com\">admin@fproduction.onmicrosoft.com</a> / g85%ZLv98N​<br><br><a href=\"https://partner.microsoft.com/fr-fr/dashboard/account/v3/organization/legalinfo#mpn\">https://partner.microsoft.com/fr-fr/dashboard/account/v3/organization/legalinfo#mpn</a><br>login :&nbsp;&nbsp;&nbsp;&nbsp;&nbsp;&nbsp;&nbsp;&nbsp;&nbsp;&nbsp;&nbsp;&nbsp;&nbsp;&nbsp;&nbsp;&nbsp;&nbsp;&nbsp;&nbsp;&nbsp;&nbsp;&nbsp;&nbsp;&nbsp; <a href=\"mailto:contact@keep-connection.fr\">contact@keep-connection.fr</a><br>Mot de passe :&nbsp;&nbsp;&nbsp;&nbsp;&nbsp;&nbsp;&nbsp;&nbsp;&nbsp;!Tyla2429!</p><p>------------------------------------------------------------------------------------------------------------------------------------</p><p>Supervision : centrastage</p><p>Controleurs de domaine : FP-DC01 DHCP DNS Fichiers Impressions et SRV-DC02</p><p>Logiciel de sauvegarde : Backup Manager</p><p>Serveur Synology pour le backup ???</p><p>Antivirus un peu cher, pour 1 serveur ??</p><p>Licences Microsoft dans le devis 160 ??</p><p>Fibre cout installation et cout mensuel ??</p><p>Sauvegarde ~110 Go</p><p>192.168.1.111 FP-DC01 Serveur Windows 2008 R2<br>Administrateur / smGh!sm7X@</p><p>GPO juste pour les Imprimantes<br>DHCP 192.168.1.1 à 254 (exclusions : 1 à 15 ; 100 à 114 ; 220 à 238 ; 240 à 254 ; 125 à 150)<br>DNS<br>Serveur de Fichiers et impressions</p><p>NBackup</p><p>192.168.1.101 srv-DC02 Serveur Windows 2012 R2</p><p>Même chose que sur FP-DC01</p><p><br>WIFI : Fr@gProd2016!</p><p>&nbsp;</p><p>192.168.1.26 SRV-HV01 ????</p><p>192.168.1.27 SRV-HV01 ????</p><p>192.168.1.31 SRV-LSI Windows 10 Pro , Machine virtuelle</p><p>192.168.1.100 SRV-HV01 ????</p><p>192.168.1.102 SRV-APP01 Windows serveur 2012 R2 Sage ?</p><p>192.168.1.103 SRV-RDS01 Windows Serveur 2012 R2 Remote Desktop</p><p>192.168.1.104 SRV-NAS</p><p>192.168.1.105 SRV-APP02 Windows Serveur 2012 R2 Labels</p><p>192.168.1.109 FP-APP01 Windows Serveur 2008 R2 Sage ? App Bodet</p><p>Mots de passe a demander : Routeur Sonicwall ; Bornes WIFI (Controleur) ; Switchs Zyxel ; Onduleur Eaton ; Imprimantes ; NAS Synology ; Serveurs</p><p>Plusieurs reservations sous le nom SRV-HV01 ??</p><p><br>- Le Routeur Sonicwall ; admin/!tvwp7Dg%U8i* !tvwp7Dg%U8j*<br>- Les bornes WIFI Zyxel (éventuellement le contrôleur) ; admin/Access2010 / !Cr33d21!<br>- Les Switchs manageable Zyxel ;admin/Access2010<br>- Les onduleurs Eaton (l’onduleur nommé Bâtiment administratif semble afficher une erreur, surement les batteries a changer, j’en saurais surement plus en me connectant dessus);admin/Nemoxia77<br>- Les différentes imprimantes et copieurs ;administrateur/admin<br>- Le NAS Synology ;administrateur/smGh!sm7X@<br>- Les différents serveurs restants (SRV-APP01 ; SRV-RDS01 ; SRV-APP02 ; FP-APP01) administrateur/smGh!sm7X@<br>- &nbsp;FP-FORMWEIGH</p><p>&nbsp;</p><p><br>WINDOWS 10 PRO HP PROBOOK : D8WXG-7NB44-MQVYX-Q7DPJ-82QGT<br>Admin / !K33pC077</p><p>&nbsp;</p><p>&nbsp;</p><p>Stéphanie LEYTEM : s.leytem / !SlFr@g1406.<br>s.leytem@fragrances-production.fr / !Fr@gprod77!</p><p>ZYXELL USG110 192.168.1.253 : Controleur WIFI</p><p>Alto Spam</p><p><strong>Office 365</strong></p><p>admin@fproduction.onmicrosoft.com / gB5%ZLv98N</p><p>https://admin.microsoft.com/Adminportal/Home?invType=IndirectResellerRelationship&amp;partnerId=e403ff3b-bebb-4885-acc5-c0ab4e1da123&amp;msppId=6454720&amp;DAP=true&amp;indirectCSPId=3a1e89d2-cfbe-4a11-aba6-8e12d1263280#/BillingAccounts/partner-invitation</p><p>&nbsp;</p><p><br>Informations de diagnostic&nbsp;: {Version:17.00.6771.013,Environment:WEUPROD,DeploymentId:b87e2752ab0647149f7026ff87b6eeda,InstanceId:WebRole_IN_1,SID:dc19c3d9-f104-4cd9-975d-c2dc131fdd42,CID:8ed9b81e-b33f-46c9-8d34-3d3dad9bed57}<br>Heure&nbsp;: Wed, 23 Jun 2021 17:58:58 GMT</p><p>1&amp;1 compte</p><p>Bureau à distance SRV-RDS01 (créer les raccourcis pour office (faire la connexion du compte Microsoft); raccourcis ciel)</p><p>&nbsp;</p><p><br>SAGE</p><p>3 groupes ?</p><p>2 sociétés Fragrances-Production et Fontaine</p><p>USER SAGE FP<br>USER SAGE FO<br>USER SAGE FULL</p><p>LEYTEM / Enzo240904</p><p>&nbsp;</p><p>METTLER (PESAGE)<br>- Accès à distance<br>- SQL Server 2019</p><p>FP FORMWEIGH : 192.168.1.29<br>FT LABORATOIRE : 192.168.1.239</p><p>&nbsp;</p><p>SONICWALL : bruno@keep-connection.fr / !Cr33d2021!<br>VPN : &nbsp;Bruno Burdillat / !Cr33dVPN!<br>Roberto Modica / 1460vpn*Rm<br>Stephanie Leytem / Enzo240904<br>Blandine Boucher / Bl@ndine@42</p><p><br>MX : fragrances-production.fr 3600 IN MX 0 fragrancesproduction-fr02e.mail.protection.outlook.com</p>'),
(53, 116, '<p>NVR (192.168.1.250)</p><p><br>Administrator / P@rn@ss3!</p><p>Waldorf / Laviedereve1986!</p><p><br>Ports :</p><p>HTTP : 35000<br>HTTPS : 35001</p><p>CAMERAS</p><p>192.168.1.240 ; 241 ; 242 ; 243 ; 244 (admin / Parnasse!)</p><p>Synology</p><p>Quickconnect ID : WALDORF-NICOLAS</p><p>Compte Quickconnect : nicolas.waldorf.paris@gmail.com / Laviedereve1986</p>'),
(54, 117, '<p><strong>Caméras</strong>&nbsp;</p><p>admin / C0sn13r77</p><p><strong>syno&nbsp;</strong></p><p>admin / c0sn13r77</p><p><strong>quickconnect&nbsp;</strong></p><p>isabelle.cosnicer@hotmail.fr / C0sn13r77</p>'),
(59, 118, '<p>ORBI<br>bruno@keep-connection.fr</p><p>identifiant WIfi<br>be_happy<br>0164246974!</p><p>Identifiant ORBI<br>admin<br>0164246974!</p><p>Question securité<br>Ville de naissance<br>SAMOIS<br>Nom du meilleur Ami<br>Orbi</p>'),
(60, 119, '<p>Réseau WIFI, grâce à des boitiers CPL diffusant le réseau (1 bornes maître + 3 bornes esclaves)</p><p>Clé WIFI : TJd95xqqQaypJXra2h</p>'),
(61, 120, '<p>Borne WIFI Ubiquiti placée en extérieur :</p><p>10.51.50.250</p><p>ubnt / !KeepC0GC77!</p>'),
(62, 107, '<p><a href=\"mailto:dalila.tr@wanadoo.fr\">dalila.tr@wanadoo.fr</a></p><p>Adresse :</p><p>2 Chem. des Saints-Pères</p><p>77930 Chailly-en-Bière</p><p><br>&nbsp;</p>'),
(63, 121, '<p>Wifi : cymbeline_WIFI<br><br>Compte UBIQUITI :&nbsp;<br>Mail : <a href=\"mailto:communication@cymbeline.com\">communication@cymbeline.com</a><br>Utilisateur : Cymbeline1<br>Mot de passe : !Cymb3line77!<br><br>SYNOLOGY<br>Comptes utilisateurs<br>administrateur / !KeepC077<br>Cymbeline / !Cymb3line77!<br>Compta / !Compt@77<br>JPL / !L@utraite77!<br><br>DDNS<br>cymbeline.synology.me<br>QUICKCONNECT<br><a href=\"http://QuickConnect.to/CYMBELINE\">http://QuickConnect.to/CYMBELINE</a><br><br>&nbsp;</p>');

-- --------------------------------------------------------

--
-- Structure de la table `internal_documents`
--

DROP TABLE IF EXISTS `internal_documents`;
CREATE TABLE IF NOT EXISTS `internal_documents` (
  `id` int NOT NULL AUTO_INCREMENT,
  `name` varchar(255) CHARACTER SET utf8mb4 COLLATE utf8mb4_unicode_ci NOT NULL,
  `document` longtext CHARACTER SET utf8mb4 COLLATE utf8mb4_unicode_ci,
  PRIMARY KEY (`id`)
) ENGINE=InnoDB AUTO_INCREMENT=23 DEFAULT CHARSET=utf8mb4 COLLATE=utf8mb4_unicode_ci;

--
-- Déchargement des données de la table `internal_documents`
--

INSERT INTO `internal_documents` (`id`, `name`, `document`) VALUES
(1, 'TELEMAINTENANCE', '<p><strong>WINDOWS : </strong><a href=\"http://keepconnection.cybix-technology.com/items/telemaintenance-KeepConnection.exe\"><strong>http://keepconnection.cybix-technology.com/public/items/telemaintenance-KeepConnection.exe</strong></a></p><p><strong>MACOSX : </strong><a href=\"http://keepconnection.cybix-technology.com/items/TeamViewer-KeepConnection.zip\"><strong>http://keepconnection.cybix-technology.com/public/items/TeamViewer-KeepConnection.zip</strong></a></p><p><strong>ANDROID : </strong><a href=\"https://play.google.com/store/apps/details?id=com.teamviewer.quicksupport.market&amp;hl=fr\"><strong>https://play.google.com/store/apps/details?id=com.teamviewer.quicksupport.market&amp;hl=fr</strong></a></p>'),
(2, 'A TRIER', '<h2>01 64 69 52 93<br>&nbsp;</h2><p>mot de passe <strong>wifi</strong> : untrucalacon<br><br>IP Publique : 88.123.230.182<br>&nbsp;</p><p><strong>TYBRAZ : LP61569-OVH / &nbsp;@Ec0TonEr77</strong></p><p><strong>TYBASK : </strong>lp8057603-ovh / &nbsp;**Ec0TonEr77</p><p><strong>CONTREJOUR</strong> : BD74153-OVH /&nbsp;!PzBdoVh*77@</p><p>Compte APPLE :</p><p>bruno@ecotoner.fr / !K33pC077</p><p>__________________________________________________________</p><p><br>Compte Oracle Java (bruno@groupe-tse.fr / Or@cl32018!!!)<br><br><strong>Cloud TSE</strong> : cloud.groupe-tse.fr&nbsp;&nbsp;&nbsp; &nbsp;&nbsp;&nbsp; tsidf&nbsp;&nbsp;&nbsp; &nbsp;&nbsp;&nbsp; @ECO77<br>mot de passe pour création de liens : !Ecotoner<br>_________________________________________________________________<br><br>CHRONOPOST (contact@ecotoner.fr):<br><br>KEEPCONNECTION / !Ec0t0n3r<br><br>__________________________________________________________________<br>&nbsp;</p><h2>ESET<br>&nbsp;</h2><p>ESET compte pour install postes clients / serveurs : contact@ecotoner.fr&nbsp;&nbsp;&nbsp; /&nbsp;&nbsp;&nbsp; !Ecotoner77<br>bruno@ecotoner.fr / !Ec0t0n3r<br><br>Sources : <a href=\"https://www.eset.com/fr/business/endpoint-security/windows-security/download/\">https://www.eset.com/fr/business/endpoint-security/windows-security/download/</a><br><br><br>Compte ESET EMA : support-eset@ecotoner.fr<br><br>Pour clients : Endpoint Protection Advanced - Bundle<br>Pour Serveurs : File Security for m$ Windows Server<br><br><a href=\"https://ema.eset.com/Account/LogIn?ReturnUrl=%2F\">https://ema.eset.com/Account/LogIn?ReturnUrl=%2F</a><br>ludovic@ecotoner.fr &nbsp;&nbsp; &nbsp;&nbsp;&nbsp; !Ecotoner77210!<br>_________________________________________________________________<br><br>FILNET (Directnom)<br><br>&nbsp;</p><p><a href=\"https://cp.cloud.filnet.net/\">https://cp.cloud.filnet.net</a></p><p><br>&nbsp;</p><p>DN-pz5621/!KeepSol77@</p><p>_____________________________________________________________<br><br>&nbsp;</p><h2>CHORUS</h2><p><br>______________________________________________________________<br><br><strong>Grossistes :</strong><br><br>Exer (licence Stormshield VPN Client) : Contact : Jeremy Dequidt : 03 62 53 76 13<br><br><strong>Canon : Support&nbsp;Technique&nbsp;:&nbsp;01.70.48.05.00</strong><br><br>ALSO France : 10619710 / TSE101993<br><br>ACTEBIS : E6356 / TSE101993<br><br>TECHDATA : N° Compte : 479123&nbsp;&nbsp;&nbsp; &nbsp;&nbsp;&nbsp; PZAHAR / TSE101993<br><br>_________________________________________________________________________________<br><br>GLPI (Comptes) : <a href=\"http://192.168.99.141/glpi/\">http://192.168.99.141/glpi/</a><br><br>Compte Administrateur : glpi / !Ecotoner77<br>Compte postonly : post-only / !Ecotoner!<br>Compte Technicien : tech / *Ecotoner*<br>Compte Normal : normal / #Ecotoner#<br><br>MySQL Server : root / !Ecotoner<br><br><br>MYVMWARE :<br><br>bruno@ecotoner.fr / !Ecotoner77210!<br><br>MICROSOFT :<br><br>Bruno : bruno@ecotoner.fr / !KeepconBb@<br><br>ADOBE ID :<br><br>Bruno : bruno@ecotoner.fr / K33pC0NN3!<br>&nbsp;</p><p><strong>Suite au problème lié à la dernière version des mises à jours 1809</strong></p><p>pour Renault Saint Fargeau</p><p>1 paramètres réseau et internet</p><p>2 modifier les propriétés de connexion</p><p>3 sélectionner réseau privé si il est en réseau public</p><p>4 retour dans état et sélectionner Options de partage</p><p>5 vérifier que le partage soit bien activé partout</p><p>5.1 dans tous les réseaux -à connexions de partages de fichier sélectionner&nbsp;:&nbsp;</p><p>Activer le partage de fichiers pour les périphériques qui utilisent le chiffrement 40 ou 56 bits</p><p>6 dans menu démarrer recherche&nbsp;:</p><p>6.1 taper services.msc</p><p>6.2 chercher&nbsp;: Hôte du fournisseur de découverte de fonction à propriété à type de démarrage automatique à redémarrer le service<br>6.3 idem avec Publication des ressources de découverte de fonction</p><p>7 dans menu démarrer recherche&nbsp;:</p><p>7.1 taper fonctionnalité &nbsp;et cliquer sur à activer ou désactiver des fonctionnalités de Windows</p><p>7.2 cocher SMB direct et à OK</p><p>8 redémarrer l’ordinateur</p><p>9 pour partager des dossiers la nouvelle version est dans ce lien<br><br><a href=\"https://support.microsoft.com/fr-fr/help/4092694/windows-10-changes-to-file-sharing-over-a-network\">https://support.microsoft.com/fr-fr/help/4092694/windows-10-changes-to-file-sharing-over-a-network</a></p><p><br>____________<br><br>DISK2VHD<br>Permet de cloner un disque syteme (Xp à 10)<br>en VHD pour Hyper-v<br><a href=\"https://www.tutos-informatique.com/disk2vhd-transformer-ordinateur-physique-machine-virtuelle/\">Documentation</a><br><a href=\"https://download.sysinternals.com/files/Disk2vhd.zip\">Logiciel</a><br>__________<br><br><strong>CONNEXION BUREAU A DISTANCE</strong> : Problème rencontré chez Inderflex, lorsque j\'ai voulu configurer le bureau à distance vers le serveur TSE de l\'entreprise, j\'ai eu une erreur \"Correction d\'Oracle de chiffrement CredSSP\", pour corriger l\'erreur il faut se connecter au serveur en question, executer \"GPEdit.msc\"<br><br><strong>ou</strong><br><br>Powershell as admin :<br><br><br>reg add \"HKLM\\Software\\Microsoft\\Windows\\CurrentVersion\\Policies\\System\\CredSSP\\Parameters\" /f /v AllowEncryptionOracle /t REG_DWORD /d 2<br><br>__________<br><br>&nbsp;</p><p>Impossible d\'ouvrir <strong>Outlook</strong> avec le message suivant : \"impossible de démarrer Microsoft Office Outlook. Impossible d\'ouvrir la fenêtre outlook. <strong>Données XML incorrectes</strong>. Impossible de charger l\'affichage\"</p><p>Supprimez le contenu du dossier Outlook qui se trouve dans : <strong>c:\\Utilisateur\\Nom Utilisateur\\AppData\\Roaming\\Microsoft\\Outlook</strong></p><p><strong>Tarifs :</strong><br><br>Outlook 2016 : 140€<br>Office Famille et Etudiant : 169€<br>Office Standard : 209€</p>'),
(3, 'LISTE DES SERVEURS SYNOLOGY', '<p><br><a href=\"http://172.26.1.5:5000/webman/index.cgi\">LOCAL : Adallie - Synology&nbsp;DiskStation</a> / <a href=\"http://adallie.fr4.quickconnect.to/webman/index.cgi\">QUICKCONNECT</a><br>&nbsp;</p><ul><li><a href=\"https://alamercery-backup.fr3.quickconnect.to/\">ALAMERCERY-BACKUP&nbsp;-&nbsp;Synology&nbsp;DiskStation</a></li><li><a href=\"https://alamercery.fr3.quickconnect.to/\">ALAMERCERY&nbsp;-&nbsp;Synology&nbsp;NAS</a></li><li><a href=\"https://axel77300.fr1.quickconnect.to/\">AxelSynology&nbsp;-&nbsp;Synology&nbsp;DiskStation</a></li><li><a href=\"http://quickconnect.to/lespacesellerie\">Espace_sellerie Chatelet en brie&nbsp;-&nbsp;Synology&nbsp;DiskStation</a></li><li><a href=\"https://integralpro.fr3.quickconnect.to/\">Integral-S&nbsp;-&nbsp;Synology&nbsp;DiskStation</a></li><li><a href=\"https://jjfossard.fr2.quickconnect.to/\">JJFOSSARD&nbsp;-&nbsp;Synology&nbsp;DiskStation</a></li><li><a href=\"https://drjo.fr3.quickconnect.to/\">Joseph Mawad&nbsp;-&nbsp;Synology&nbsp;DiskStation</a></li><li><a href=\"https://keep77210connection.fr4.quickconnect.to/\">Praedium&nbsp;-&nbsp;Synology&nbsp;DiskStation</a></li><li><a href=\"https://ibtrans.fr4.quickconnect.to/\">SERVEUR_IB&nbsp;-&nbsp;Synology&nbsp;DiskStation</a></li><li><a href=\"https://srv-acces77.fr2.quickconnect.to/\">SRV-ACCES77&nbsp;-&nbsp;Synology&nbsp;DiskStation</a></li><li><a href=\"https://orpi-dapoigny.fr2.quickconnect.to/\">ORPI FONDAP DAPOIGNY</a></li><li><a href=\"https://coutevroult.fr4.quickconnect.to/\">Mairie de Coutevroult</a></li></ul>'),
(4, 'MASTER BIOS PASSWORD', '<figure class=\"media\"><oembed url=\"https://www.youtube.com/watch?v=Pj21hKBMdO8&amp;ab_channel=alexisregnier\"></oembed></figure><p><a href=\"https://bios-pw.org/\">https://bios-pw.org/</a></p>'),
(5, 'SUPPRESSION WINDOWS PASSWORD', '<p>1 - Démarrer sur une clé d\'installation windows<br><br>2 - Sélectionner la langue et faire SUIVANT<br><br>3 - Appuyer sur SHIFT + F10 pour ouvrir l\'invite de commande<br><br>4 - Faire un Backup du fichier SETHC.EXE (Attention la lettre de lecteur peut changer en fonction de l\'ordinateur)<br>&nbsp;&nbsp;&nbsp; &nbsp;&nbsp;&nbsp; - copy c:\\windows\\system32\\sethc.exe c:\\<br><br>5 - Remplacer SETHC.EXE par CMD.exe<br>&nbsp;&nbsp;&nbsp;&nbsp;&nbsp;&nbsp;&nbsp;&nbsp; - copy /y c:\\windows\\system32\\cmd.exe c:\\windows\\system32\\sethc.exe<br>&nbsp;&nbsp;&nbsp; &nbsp;&nbsp; &nbsp;&nbsp; &nbsp;&nbsp; Si il est demandé taper : oui<br><br>6 - Redémarrer l\'ordinateur normalement en quittant l\'installation<br><br>7 - Une fois sur la demande de mots passe den session Windows<br>&nbsp;&nbsp;&nbsp; &nbsp;&nbsp;&nbsp; -&nbsp; taper 5X sur SHIFT (pour faire apparaitre l\'invite de commande)<br><br>8 - Connaitre le nom d\'utilisateur (Orthographe complet) taper<br>&nbsp;&nbsp;&nbsp; &nbsp;&nbsp;&nbsp; - net user<br><br><br>&nbsp;&nbsp;&nbsp; &nbsp;&nbsp; --------------------------------------------------------------------------------------<br>&nbsp;&nbsp;&nbsp; &nbsp;&nbsp; Administrator&nbsp;&nbsp; &nbsp;&nbsp; &nbsp;&nbsp; &nbsp;&nbsp; &nbsp;&nbsp; &nbsp;&nbsp; &nbsp;&nbsp; DefaultAccount&nbsp;&nbsp; &nbsp;&nbsp; &nbsp;&nbsp; &nbsp;&nbsp; &nbsp;&nbsp; &nbsp;&nbsp; Guest<br>&nbsp;&nbsp;&nbsp; &nbsp;&nbsp; Elodie&nbsp;&nbsp; &nbsp;&nbsp; &nbsp;&nbsp; &nbsp;&nbsp; &nbsp;&nbsp; &nbsp;&nbsp; &nbsp;&nbsp; &nbsp;&nbsp; &nbsp;&nbsp; &nbsp;&nbsp; &nbsp; Elodie<br>&nbsp;&nbsp;&nbsp; &nbsp;&nbsp; &nbsp;&nbsp; &nbsp;&nbsp; &nbsp;&nbsp; &nbsp;&nbsp; &nbsp;&nbsp; &nbsp;&nbsp; &nbsp;&nbsp; &nbsp;&nbsp; &nbsp;&nbsp; &nbsp;&nbsp; &nbsp;&nbsp; &nbsp;&nbsp; &nbsp;&nbsp; &nbsp;&nbsp; Julie<br><br>9 - Changer le mot de passe de la session utiisateur<br>&nbsp;&nbsp;&nbsp; &nbsp;&nbsp; - net user \"Nom Utilisateur\" \"Nouveau Mot de Passe\"<br><br>ex : c:\\windows\\system32&gt;net user Elodie 123456<br><br>10 - Entrer dans la session avec le nouveau Mot de Passe et le modifier ou le supprimer<br><br><br><br><br>&nbsp;</p><p><strong>!!!!!! ATTENTION !!!!!!!</strong><br><strong>LA MODIFICATION DU FICHIER&nbsp; SETHC.EXE DOIT ETRE REPARER</strong><br><strong>CELA PROVOQUE UNE FAILLE SYSTEME QUI DOIT ETRE FERMEE AVANT RESTITUTION</strong><br><br><br>&nbsp;</p><p>1 - Démarrer sur une clé d\'installation windows<br><br>2 - Sélectionner la langue et faire SUIVANT<br><br>3 - Appuyer sur SHIFT + F10 pour ouvrir l\'invite de commande<br><br>5 - Remplacer le faux SETHC.EXE (cmd.exe) par le Backup sur C:\\<br>&nbsp;&nbsp;&nbsp;&nbsp;&nbsp;&nbsp;&nbsp;&nbsp; - copy /y c:\\sethc.exe c:\\windows\\system32\\sethc.exe<br>&nbsp;&nbsp;&nbsp; &nbsp;&nbsp; &nbsp;&nbsp; &nbsp;&nbsp; Si il est demandé taper : OUI pour remplacer l\'ancien fichier<br><br>6 - Redémarrer l\'ordinateur normalement en quittant l\'installation<br><br>&nbsp;</p>'),
(6, 'COMMANDES MACOS', '<p><br>Réinitialiser mot de passe de session<br>Maintenir&nbsp; : cmd + r<br>outils -&gt; terminal<br>taper : resetpassword<br><br>---------------------------------------------------<br><br>réinitialiser les sessions<br>Maintenir cmd + s ou cmd + r (Mountain lion minimum)<br>(Clavier anglais uniquement)<br>#root: /sbin/fsck -fy &nbsp; &nbsp; &nbsp; &nbsp; &nbsp;---→ touche = pour afficher /<br>#root: mount -uw / &nbsp; &nbsp; &nbsp; &nbsp; &nbsp; ----→ touche ) pour afficher -<br>#root: rm /var/db/.applesetupdone<br><br>------------------------------------------------------------------------------<br><br>Tester le matériel<br>Maintenir : D ou cmd + d<br><br>-----------------------------------------------------------------------------<br>Acces Serveur SMBv1<br>cifs://NomOuIpServeur au lieu de smb://NomOuIpServeur<br><br>----------------------------------------------------------------------------------<br>Création Utilisateur en ligne de commande<br>1 - Créez une nouvelle entrée dans le domaine local (/) sous la catégorie / utilisateurs.<br>dscl / -create /Users/toddharris</p><p>2 - Créez et définissez la propriété shell sur bash.<br>dscl / -create /Users/toddharris UserShell /bin/bash</p><p>3 - Créez et définissez le nom complet de l\'utilisateur.<br>dscl / -create /Users/toddharris RealName \"Dr. Todd Harris\"</p><p>4 - Créez et définissez l\'ID de l\'utilisateur.<br>dscl / -create /Users/toddharris UniqueID 503</p><p>5 - Créez et définissez la propriété d\'ID de groupe de l\'utilisateur.<br>dscl / -create /Users/toddharris PrimaryGroupID 1000</p><p>6 - Créez et définissez le répertoire de base de l\'utilisateur.<br>dscl / -create /Users/toddharris NFSHomeDirectory /Local/Users/toddharris</p><p>7 - Définissez le mot de passe.<br>dscl / -passwd /Users/toddharris PASSWORD<br>ou<br>passwd toddharris<br><br>Si vous souhaitez que le Dr Harris puisse effectuer des tâches administratives:<br>dscl / -append /Groups/admin GroupMembership toddharris<br><br>-----------------------------------------------------------------------------------------------------------------------------------------<br><strong>Renommez le compte</strong><br>&nbsp;- Ouvrir une session en administrateur (Créer une session si nécessaire)<br>&nbsp;- renommer le répertoire de l\'utilisateur qui est a modifier<br>&nbsp;- aller dans <strong>Pomme</strong>&nbsp;&gt; <strong>Préférences Système</strong> &gt; <strong>Utilisateurs et groupes</strong>.<br>&nbsp; &nbsp; &nbsp; &nbsp; &nbsp; &nbsp; &nbsp; &nbsp; &nbsp; &nbsp; &nbsp; &nbsp; &nbsp; &nbsp; &nbsp; &nbsp; &nbsp; &nbsp;Cliquer sur le cadenas et mettre le mot de passe de la session ouverte&nbsp;<br>&nbsp;- appuyer sur <strong>CONTROLE</strong> et sélectionner le compte utilisateur puis cliquer sur <strong>OPTION AVANCEES</strong><br><strong>&nbsp;- </strong>Dans la nouvelle fenêtre, modifier le nom de l\'utilisateur et rectifier le nom du dossier<br>&nbsp;- valider et redémarrer le Mac<br>&nbsp;<br>-----------------------------------------------------------------------------------------------------------------------------------------<br><br><a href=\"https://support.apple.com/fr-fr/HT201372\">Création et téléchargement MacOS</a><br><br>-------------------------------------------------------------------------------------------------------------------------------------------<br><br><strong>Commande&nbsp;(⌘)&nbsp;+&nbsp;R&nbsp;:</strong> Installe l\'OS le plus proche de celui installé<br><strong>Option&nbsp;+&nbsp;Commande&nbsp;+&nbsp;R</strong> : Installation de l\'OS le plus récent<br><strong>Maj&nbsp;+&nbsp;Option&nbsp;+ Commande&nbsp;+&nbsp;R</strong> : Installation de l\'OS d\'origine à la sortie du mac</p><ul><li><strong>Option&nbsp;(⌥) ou Alt&nbsp;:</strong> permet de démarrer à partir du <a href=\"https://support.apple.com/fr-fr/guide/mac-help/change-your-mac-startup-disk-mchlp1034/mac\">gestionnaire de démarrage</a>, afin de sélectionner un autre disque ou volume de démarrage disponible. Si un <a href=\"https://support.apple.com/fr-fr/HT204455\">mot de passe de programme interne</a> est configuré sur votre Mac, vous êtes invité à le saisir.<br>&nbsp;</li><li><strong>Option&nbsp;+&nbsp;Commande&nbsp;+&nbsp;P&nbsp;+&nbsp;R&nbsp;:</strong> permet de <a href=\"https://support.apple.com/fr-fr/HT204063\">réinitialiser la mémoire NVRAM</a> ou PRAM. Si un <a href=\"https://support.apple.com/fr-fr/HT204455\">mot de passe de programme interne</a> est configuré sur votre Mac, ce dernier ignore cette combinaison de touches ou démarre à partir de la <a href=\"https://support.apple.com/fr-fr/HT201314\">fonctionnalité de récupération de macOS</a>.</li><li><strong>Maj&nbsp;(⇧)&nbsp;:</strong> permet de démarrer en&nbsp;<a href=\"https://support.apple.com/fr-fr/HT201262\">mode sans échec</a>. Cette commande est désactivée lorsqu’un <a href=\"https://support.apple.com/fr-fr/HT204455\">mot de passe de programme interne</a> est configuré.</li><li><strong>&nbsp;D&nbsp;:</strong> permet de démarrer à partir de l’utilitaire <a href=\"https://support.apple.com/fr-fr/HT202731\">Diagnostics Apple</a>. Vous pouvez également appuyer sur Option&nbsp;+&nbsp;D<strong> </strong>pour démarrer à partir de cet utilitaire sur Internet.&nbsp;Cette commande est désactivée lorsqu’un <a href=\"https://support.apple.com/fr-fr/HT204455\">mot de passe de programme interne</a> est configuré.</li><li><strong>N&nbsp;:</strong> permet de démarrer à partir d’un serveur NetBoot, <a href=\"https://support.apple.com/fr-fr/HT202770\">si votre Mac prend en charge les volumes de démarrage réseau</a>. Pour utiliser l’image de démarrage par défaut sur le serveur, maintenez les touches Option&nbsp;+&nbsp;N enfoncées.&nbsp;Cette commande est désactivée lorsqu’un <a href=\"https://support.apple.com/fr-fr/HT204455\">mot de passe de programme interne</a> est configuré.</li><li><strong>Commande&nbsp;+&nbsp;S&nbsp;:</strong> permet de démarrer en mode Utilisateur unique. Cette commande est désactivée dans macOS&nbsp;Mojave ou version ultérieure ou lorsqu’un <a href=\"https://support.apple.com/fr-fr/HT204455\">mot de passe de programme interne</a> est configuré.</li><li><strong>T&nbsp;:</strong> permet de démarrer en <a href=\"https://support.apple.com/fr-fr/guide/mac-help/transfer-files-mac-computers-target-disk-mode-mchlp1443/mac\">mode disque cible</a>.&nbsp;Cette commande est désactivée lorsqu’un <a href=\"https://support.apple.com/fr-fr/HT204455\">mot de passe de programme interne</a> est configuré.</li><li><strong>Commande&nbsp;+&nbsp;V&nbsp;:</strong> permet de démarrer en mode Détaillé.&nbsp;Cette commande est désactivée lorsqu’un <a href=\"https://support.apple.com/fr-fr/HT204455\">mot de passe de programme interne</a> est configuré.</li></ul><p><strong>Éjection</strong>&nbsp;(⏏), <strong>F12</strong>, <strong>bouton de la souris</strong> ou <strong>du trackpad&nbsp;:</strong> permet d’éjecter un support amovible, tel qu’un disque optique.&nbsp;Cette commande est désactivée lorsqu’un <a href=\"https://support.apple.com/fr-fr/HT204455\">mot de passe de programme interne</a> est configuré.<br><br>----------------------------------------------------------------------------------------------------------------------------------------------------------<br><br>Afficher les fichiers cachés :<br><strong>defaults write com.apple.finder AppleShowAllFiles TRUE</strong><br><strong>Killall Finder</strong><br><br>Cacher les fichiers :&nbsp;<br><strong>defaults write com.apple.finder AppleShowAllFiles FALSE</strong><br><strong>Killall Finder</strong><br><br>&nbsp;<br><br>&nbsp;</p>'),
(7, 'CHECK GARANTIE CONSTRUCTEURS', '<p>ASUS : <a href=\"https://www.asus.com/us/support/Warranty-Status-inquiry\">https://www.asus.com/us/support/Warranty-Status-inquiry</a><br><br>APPLE : <a href=\"https://checkcoverage.apple.com/fr/fr/\">https://checkcoverage.apple.com/fr/fr/</a><br><br>HP / COMPAQ : <a href=\"https://support.hp.com/ca-fr/checkwarranty\">https://support.hp.com/ca-fr/checkwarranty</a><br><br>DELL :<a href=\"https://www.dell.com/support/home/fr-fr//products?app=warranty\"> https://www.dell.com/support/home/fr-fr//products?app=warranty</a><br><br>LENOVO : <a href=\"https://pcsupport.lenovo.com/fr/fr/warrantylookup#/\">https://pcsupport.lenovo.com/fr/fr/warrantylookup#/</a><br><br>MICROSOFT OFFICE : <a href=\"https://go.microsoft.com/fwlink/?linkid=2145857\">https://go.microsoft.com/fwlink/?linkid=2145857</a><br><br>MICROSOFT SURFACE : <a href=\"https://mybusinessservice.surface.com/fr-ch/CheckWarranty/CheckWarranty\">https://mybusinessservice.surface.com/fr-ch/CheckWarranty/CheckWarranty</a><br><br>&nbsp;</p>'),
(8, 'DÉSINSTALLATION DE MICROSOFT EDGE', '<p>Certes, une fois cette restriction mise en place, il devrait toujours être possible de supprimer le navigateur du système à l\'aide de la ligne de commande (Executer en tant qu\'admin) suivante :</p><p>C:\\Program Files (x86)\\Microsoft\\Edge\\Application\\8x.x.xx.xx\\Installer\\ setup.exe –uninstall –system-level –verbose-logging –force-uninstall</p>'),
(11, 'MOTS DE PASSE KEEP', '<p>SE : !S0l3xp77!<br>E : !Ec0t0n3r77!<br>KC : !K33pC077!</p><p>PORTAIL ORANGE FOURNISSEURS : Keepconnection77*</p><p>gaetan@ecotoner.fr / !KeepCo77!</p><p>Synology KEEPCO<br>Quickconnect ID : KEEPCO<br>Compte Synology : <a href=\"mailto:bruno@keep-connection.fr\">bruno@keep-connection.fr</a> / !KeepC077!</p><p>Comptes sur le serveur :<br>Administrateur / cdlp!1664<br>richard / !Ecotoner77<br>julien / !KeepC077<br>ludo / !Ecotoner77<br><br><strong>OVH :&nbsp;</strong><br>KEEP CONNECTION (Ecotoner) : zp2379-ovh / !Ecotoner77*!<br>Hébergement : ecotoner / 77Ecotoner77<br><br><br><strong>GMAIL&nbsp;DE SECOURS</strong><br>contact.keep.connection / !KeepC077<br><a href=\"mailto:keepconnectionsarl@gmail.com\">keepconnectionsarl@gmail.com</a> / !K33pC077@<br><br>O2SWITCH<br>Login : keepconnection<br>Mail : <a href=\"mailto:contact.keep.connection@gmail.com\">contact.keep.connection@gmail.com</a><br>Mot de passe : !KeepC077<br><br><strong>MAILS KEEP-CONNECTION :</strong></p><p>contact@keep-connection.fr / !KeepConn77@<br>keep-connection@keep-connection.fr / !KeepCo77!<br>Thomas / Lucie / Richard.petit / ludovic / christophe / julien.g / julien<br>!K33pC077@<br>apple-icloud@keep-connection.fr / !KeepC077 (et compte Icloud)<br><br><br><strong>RASPBERRY PI :</strong><br>Mots de passe : !K33pC077!<br>&nbsp;<br><br><strong>LUTRON (application...) :</strong><br>richard@keep-connection.fr / !Ecotoner77<br><br><strong>Acronis</strong> (&nbsp;&nbsp;&nbsp; SP1011856&nbsp;&nbsp; &nbsp;/&nbsp;&nbsp; &nbsp;@Ecotoner77&nbsp;&nbsp; &nbsp;) : <a href=\"https://eu-cloud.acronis.com\">https://eu-cloud.acronis.com</a><br><br><strong>CHORUS</strong><br>Mot de passe chorus : !K 33pC0nn3ct10n77 !<br><br><strong>TP-LINK</strong><br><a href=\"mailto:contact@keep-connection.fr\">contact@keep-connection.fr</a> / Tyla2429!</p>'),
(12, 'GESTIONNAIRE HYPER-V', '<p>Fusionner un disque virtuelle avec leur point de controle&nbsp;<br><a href=\"https://rdr-it.com/troubleshooting/hyper-v-fusionner-un-disque-virtuel-sans-snapshot/\">https://rdr-it.com/troubleshooting/hyper-v-fusionner-un-disque-virtuel-sans-snapshot/</a></p><p>Exportation et importation d\'une Machine &nbsp;virtuelle<br><a href=\"https://www.it-connect.fr/import-et-export-de-machines-virtuelles-avec-hyper-v/\">https://www.it-connect.fr/import-et-export-de-machines-virtuelles-avec-hyper-v/</a><br><br>Partage de la carte réseau physique<br><a href=\"https://www.it-connect.fr/hyper-v-connecter-une-vm-en-nat/\">https://www.it-connect.fr/hyper-v-connecter-une-vm-en-nat/</a></p><p>&nbsp;</p><p>&nbsp;</p><p>&nbsp;</p><p>&nbsp;</p>'),
(13, 'SAUVEGARDE ET RESTAURATION D\'IMAGE WINDOWS VIA NAS', '<p>Sauvegarde d\'une image de restauration Windows<br><a href=\"https://www.cachem.fr/sauvegarder-image-systeme-nas-synology-qnap/\">https://www.cachem.fr/sauvegarder-image-systeme-nas-synology-qnap/</a><br><br>Restauration D\'une image de restauration Windows<br><a href=\"https://answers.microsoft.com/en-us/windows/forum/windows_10-update-winpc/win-10-image-restore-from-network-location/2c6710e4-120a-416c-bc74-898bba23b71c\">https://answers.microsoft.com/en-us/windows/forum/windows_10-update-winpc/win-10-image-restore-from-network-location/2c6710e4-120a-416c-bc74-898bba23b71c</a></p>'),
(14, 'CHANGEMENT HDD XBOX ONE ET REINSTALLATION', '<p>Remplacement du HDD :<br><a href=\"https://fr.ifixit.com/Tutoriel/Xbox+One+S+Hard+Drive+Replacement/90209\">https://fr.ifixit.com/Tutoriel/Xbox+One+S+Hard+Drive+Replacement/90209</a><br><br>Installation d\'un FirmWare :&nbsp;<br><a href=\"https://fr.ifixit.com/Tutoriel/Installer+un+firmware+sur+Xbox+One+S/107619\">https://fr.ifixit.com/Tutoriel/Installer+un+firmware+sur+Xbox+One+S/107619</a><br><br>Réaliser une Mise à Jour OffLine :&nbsp;<br><a href=\"https://support.xbox.com/fr-FR/help/hardware-network/console/system-update-solution/offline-system-update\">https://support.xbox.com/fr-FR/help/hardware-network/console/system-update-solution/offline-system-update</a><br><br>Téléchargement du Firmware Xbox One :&nbsp;<br><a href=\"https://www.xbox.com/xboxone/osu1\">https://www.xbox.com/xboxone/osu1</a><br><br>Applications de formatage :<br><a href=\"\\\\192.168.99.10\\KEEP CONNECTION\\Applications\\KEEP CONNECTION\\LOGICIELS\\CONSOLES\">\\\\192.168.99.10\\KEEP CONNECTION\\Applications\\KEEP CONNECTION\\LOGICIELS\\CONSOLES</a><br><br><br><br>&nbsp;</p>'),
(15, 'COMPTE HEBERGEMENT KEEP OVH', '<p>logiciel FTP.&nbsp;</p><ul><li>Nom d\'hôte (serveur FTP) : <a href=\"ftp://ftp.cluster029.hosting.ovh.net\"><strong>ftp.cluster029.hosting.ovh.net</strong></a></li><li>Identifiant (login FTP) : <strong>keepcoy</strong></li><li>Mot de passe (password FTP) : <strong>YqdzHF4PnVHP</strong></li><li>Port : <strong>21</strong><br><br><strong>Base de Donnees :&nbsp;</strong><br><strong>&nbsp; &nbsp; Utilisateur : keepcoykeep</strong><br><strong>&nbsp; &nbsp; Mdp : 77KeepC077</strong></li></ul>'),
(16, 'CAMERA IP TOSHIBA', '<p>Compte : admin/123456<br><br>IP : 192.168.99.200<br>Externe : <strong>88.123.230.182</strong><br><strong>Port Externe &nbsp;: 33000</strong><br>Port interne : 1000&lt;</p><p>Synology : 192.168.99.10/cam</p>'),
(17, 'CONFORMITE SILAE', '<p>Activer ClickOnce Edge<br>Launch Microsoft Edge.<br>Enter edge://flags in the address bar,<br>Begin typing ClickOnce in research,<br>Select Enable to activate<br><br>&nbsp;</p>'),
(18, 'COMMANDES ARP ET LISTAGE DES IP INTERNES', '<p>arp /?\r\n<br>\r\nAffiche et modifie les tables de correspondance d\'adresse IP/physique<br>utilisées par le protocole de résolution d\'adresse (ARP).\r\n<br><br>\r\nARP -s adr_Inet adr_Ether [adr_interf]<br>\r\n<br>ARP -d adr_Inet [adr_interf]\r\n<br><br>ARP -a [adr_Inet] [-N adr_interf]\r\n\r\n &nbsp;-a &nbsp; &nbsp; &nbsp; &nbsp; &nbsp; &nbsp;&nbsp;<br>Affiche les entrées ARP actuelles en interrogeant les données actuelles du protocole.&nbsp;<br>&nbsp; &nbsp;- Si adr_Inet est spécifié, les\r\n adresses IP et physiques de l\'ordinateur spécifié uniquement\r\n sont affichées.&nbsp;<br>&nbsp; &nbsp;- Si plus d\'une interface réseau utilise ARP,\r\n &nbsp;les entrées de chaque table ARP sont affichées.\r\n &nbsp;<br><br>ARP -g &nbsp; &nbsp; &nbsp; &nbsp; &nbsp; &nbsp;&nbsp;<br>Identique à -a.\r\n &nbsp;adr_Inet &nbsp; &nbsp; &nbsp; Spécifie une adresse Internet.\r\n<br><br>&nbsp; -N adr_interf &nbsp;Affiche les entrées ARP de l\'interface réseau spécifiée par\r\n &nbsp;adr_interf.\r\n<br>&nbsp; -d &nbsp; &nbsp; &nbsp; &nbsp; &nbsp; &nbsp; Supprime l\'hôte spécifié par inet_adr. L\'utilisation du caractère générique * avec inet_adr est possible afin de\r\n &nbsp; &nbsp; &nbsp; &nbsp; &nbsp; &nbsp; &nbsp; &nbsp; supprimer tous les hôtes.\r\n<br><br>&nbsp; -s &nbsp; &nbsp; &nbsp; &nbsp; &nbsp; &nbsp; Ajoute l\'hôte et associe l\'adresse Internet adr_Inet avec l\'adresse physique adr_Ether. L\'adresse physique est fournie sous la forme de 6 octets hexadécimaux séparés par des tirets. L\'entrée est permanente.\r\n &nbsp;adr_Ether &nbsp; &nbsp; &nbsp;Spécifie une adresse physique.\r\n &nbsp;adr_interf &nbsp; &nbsp; Si spécifié, indique l\'adresse Internet de l\'interface dont\r\n la table de correspondance devrait être modifiée. Sinon, la\r\n première interface applicable sera utilisée.\r\nExemple :\r\n &nbsp;&gt; arp -s 157.55.85.212 &nbsp; 00-aa-00-62-c6-09 &nbsp;.... Ajoute une entrée statique.\r\n &nbsp;&gt; arp -a &nbsp; &nbsp; &nbsp; &nbsp; &nbsp; &nbsp; &nbsp; &nbsp; &nbsp; &nbsp; &nbsp; &nbsp; &nbsp; &nbsp; &nbsp; &nbsp; &nbsp; &nbsp;.... Affiche la table ARP.</p>'),
(19, 'USB Bootable Windows Serveur', '<p><strong>Étape 1</strong>. Insérez la clé USB dans votre ordinateur et assurez-vous qu\'elle est détecté par l\'OS.</p><p><strong>Étape 2</strong>. Cliquez sur le bouton « Démarrer », saisissez « cmd » dans la zone de recherche, faites un clic droit sur le programme et choisissez l\'option « Exécuter en tant qu\'administrateur ».</p><p><strong>Étape 3</strong>. Dans la fenêtre d\'invite de commandes, tapez « diskpart »et appuyez sur « Entrée » pour lancer l\'outil DiskPart. Exécutez ensuite toutes les commandes ci-dessous dans l’ordre.</p><p>● <strong>list disk</strong></p><p>● <strong>select disk # </strong>: # est le numéro du disque de la clé USB.</p><p>● <strong>clean</strong></p><p>● <strong>create partition primary</strong></p><p>● <strong>select partition 1</strong></p><p>● <strong>format fs=ntfs quick</strong></p><p>● <strong>active</strong> : rendre la partition active</p><p>● <strong>assign letter= r</strong> ( ou une autre lettre disponible)</p><p><strong>Attention :</strong><br>Pour créer une clé USB UEFI bootable Server 2016, vous devez taper « format fs=fat32 quick » pour formater l\'USB en FAT32 plutôt qu\'en NTFS. Mais pour le système de fichiers FAT32, veuillez noter que vous ne pouvez pas y copier les fichiers supérieurs à 4 Go en raison de la limitation de partition. Pour le résoudre, vous pouvez diviser le fichier vim en fichiers plus petits en exécutant la commande : <strong>dism /Split-Image /ImageFile:h:\\sources\\install.wim /SWMFile:r:\\sources\\install.swm /FileSize:4096</strong>.</p><p>Tapez ensuite « Exit » pour quitter l’invite de commande Diskpart.</p><p><strong>Étape 4</strong>. Trouvez le fichier ISO de Windows Server sur votre ordinateur et double-cliquez dessus pour monter l\'ISO.</p><p><strong>Étape 5</strong>. Copiez tout le contenu du disque ISO monté vers votre clé USB bootable.</p><p><strong>Étape 6</strong>. Maintenant, revenez à la fenêtre d\'invite de commandes et exécutez la commande suivante « <strong>H:cd\\boot\\ bootsect.exe /nt60 r </strong>» pour créer le code du secteur de démarrage dans la partition spécifiée. (H:\\ est la lettre de lecteur de l\'ISO Windows monté et r:\\ est la lettre de lecteur de USB)</p><p>Voilà les étapes détaillées de créer une clé USB bootable Windows Server 2016 à partir d’ISO via Diskpart.</p>'),
(20, 'LIENS OUTILS TELEMAINTENANCE ZOHO', '<p>WINDOWS<br><a href=\"https://assist.zoho.eu/install-customer-plugin\">https://assist.zoho.eu/install-customer-plugin</a><br><br>MACOS /IOS<br><a href=\"https://apps.apple.com/in/app/zoho-assist-customer/id1277551323\">https://apps.apple.com/in/app/zoho-assist-customer/id1277551323</a><br><br>ANDROID<br><a href=\"https://play.google.com/store/apps/details?id=com.zoho.assist.agent&amp;referrer=utm_source%3Dhomepage%26utm_medium%3Ddownload%2520dropdown\">https://play.google.com/store/apps/details?id=com.zoho.assist.agent&amp;referrer=utm_source%3Dhomepage%26utm_medium%3Ddownload%2520dropdown</a><br>&nbsp;</p>'),
(21, 'Comptes logiciels', '<p><strong>Syncrotheam</strong></p><p><strong>contact/!k33pC077@</strong></p>'),
(22, 'COMMANDES TERMINAL WINDOWS', '<h3><strong>Connecter un lecteur réseau</strong></h3><p>net use (lettre à assigner): \\\\IP_Serveur\\Dossier_partagé /user:Nom_de_l\'utilisateur Mot_de_passe&nbsp;<br>Ex : net use Z: \\\\192.168.1.1\\mon_dossier /user:mon_nom mon_mot_de_passe<br><br>Préciser si le lecteur doit être persistant ou pas avec /PERSISTENT:NO-YES<br><br><strong>Suppression d\'un lecteur réseau ou de tous</strong><br>net use /delete (lettre_de lecteur): /yes<br><strong>OU</strong><br>net use /delete * /yes<br><br>----------------------------------------------------------------------------------------------------------------------------------------------------------<br>&nbsp;<br><strong>Modifier le mot de passe utilisateur avec un autre compte utilisateur</strong><br># Afficher la liste des utilisateurs :&nbsp;<br>net user<br><br># Ex : Anna :<br>net user Anna *<br><br>Taper un nouveau mot de passe “Le mot de passe reste invisible” :<br>Valider le mot de passe une 2nde fois :&nbsp;<br><i><strong>La commande s’est terminée correctement</strong></i><br><br><i><strong>Redémarrer l\'ordinateur</strong></i><br><br><i><strong>------------------------------------------------------------------------------------------------------------------------------------------</strong></i><br><br><strong>Création d\'un compte utilisateur</strong><br>&nbsp;net user nomutilisateur motdepasse /add<br><strong>Suppression d\'un compte</strong><br>net user nomutilisateur /delete<br><strong>Passer un utilisateur standard en administrateur</strong><br>net localgroup Administrateurs nomutilisateur /add<br><br><strong>Activer le SuperAdministrateur</strong><br>net user administrateur /active:yes ou no (pour le désactiver)</p><h3><strong>LES PARAMÈTRES UTILISATEURS AVEC NET ACCOUNTS</strong></h3><p>Les paramètres :</p><ul><li><strong>/forcelogoff:</strong> <strong>{</strong> <i><strong>minutes</strong></i><strong> | no</strong> <strong>} : </strong>Définit le temps en minute d\'inactivité. avant que la session ne se ferme tout seul La valeur par défaut est non.</li><li><strong>/minpwlen:</strong> <i><strong>longueur</strong></i><strong>&nbsp;&nbsp;</strong> <strong>: </strong>Définit le minimum de caractère pour le mot de passe d\'un utilisateur. La valeur par défaut est 6.</li><li><strong>/maxpwage:</strong> <strong>{</strong> <i><strong>jours</strong></i><strong>&nbsp;| unlimited</strong> <strong>} : </strong>Définit le temps en jour de la validité d\'un mot de passe.&nbsp;unlimited indique aucun délai. La valeur de /<strong>maxpwage</strong>&nbsp; doit être supérieure à&nbsp;<strong>/minpwage</strong>. L\'intervalle est définit en 1 et 49,710 jours. La valeur par défaut est 90 jours.</li><li><strong>/minpwage:</strong> <i><strong>jours</strong></i><strong>&nbsp;&nbsp;</strong> <strong>: </strong>Définit le nombre de jours minimal avant qu\'un utilisateur puisse définir un nouveau mot de passe. Par défaut, aucun délai n\'est configuré.</li><li><strong>/uniquepw:</strong> <i><strong>nombre</strong></i><strong>&nbsp;</strong> <strong>: </strong>Définit le nombre minimal de changement de mot de passe avant qu\'un utilisateur puisse réutiliser un mot de passe déjà utilisé auparavant. L\'intervalle est 0 à 24 mots de passe, par défaut la valeur est à 5.</li><li><strong>/domain</strong>&nbsp;<strong>&nbsp;</strong> <strong>: </strong>indique le domaine Windows à utiliser, si non spécifié, Windows utilisera nom d\'ordinateur local.</li></ul><p>--------------------------<br>Exemple, pour empêcher les utilisatuers de changer les mots de passe au minimum tous les 7 jours, forcer les utilisateurs à changer les mots de passe tous les 30 jours, et forcer la fermeture de session après 5 minutes d\'inactivité :</p><p>net accounts /minpwage:7 /maxpwage:30 /forcelogoff:5</p><p>-------------------------------------------------------------------------------------------------------------------------------------------------------</p><p><strong>Voici la liste des principales commandes MS-DOS de Windows</strong> &nbsp;<br>&nbsp;- APPEND Permet à des applications d’ouvrir des fichiers se trouvant dans des répertoires comme s’ils étaient dans le répertoire en cours.&nbsp;<br>&nbsp;- ARP Affiche et modifie les tables de correspondance d’adresse IP/physique utilisées par le protocole de résolution d’adresse (ARP).&nbsp;<br>&nbsp;- ASSOC Affiche ou modifie les applications associées aux extensions de fichiers.&nbsp;<br>&nbsp;- AT Planifie l’exécution de commandes ou programmes sur un ordinateur.&nbsp;<br>&nbsp;- ATTRIB Affiche ou modifie les attributs d’un fichier.&nbsp;<br>&nbsp;- BCDEDIT Éditeur du magasin des données de configuration de démarrage.&nbsp;<br>&nbsp;- BOOTCFG Peut être utilisé pour configurer, interroger, modifier ou supprimer les paramètres de l’entrée de démarrage dans le fichier boot.ini. Active ou désactive le contrôle étendu de CTRL+C.&nbsp;<br>&nbsp;- BREAK Active ou désactive le contrôle étendu de CTRL+C.&nbsp;<br>&nbsp;- CACLS Affiche ou modifie les listes de contrôles d’accès aux fichiers.&nbsp;<br>&nbsp;- CALL Appelle un fichier de commandes depuis un autre fichier de commandes.&nbsp;<br>&nbsp;- CD Modifie le répertoire ou affiche le répertoire en cours.&nbsp;<br>&nbsp;- CHCP Modifie la page de code active ou affiche son numéro.&nbsp;<br>&nbsp;- CHDIR Modifie le répertoire ou affiche le nom du répertoire en cours.&nbsp;<br>&nbsp;- <strong>CHKDSK</strong> Vérifie un disque et affiche un relevé d’état.&nbsp;<br>&nbsp; &nbsp; &nbsp; &nbsp; &nbsp; &nbsp; &nbsp; &nbsp; &nbsp; &nbsp; - CHKDSK / R /F Répare les secteurs du disque et fixe les fichiers endommagé<br>&nbsp;- CHKNTFS Permet de vérifier si un volume est en FAT, FAT32 ou NTFS.&nbsp;<br>&nbsp;- CIPHER Affiche ou modifie le cryptage de répertoires [fichiers] sur des partitions NTFS.&nbsp;<br>&nbsp;- CLS Efface l\'écran.&nbsp;<br>&nbsp;- CMD Lance une nouvelle instance de l’interpréteur de commandes de Windows.&nbsp;<br>&nbsp;- COLOR Modifie les couleurs du premier plan et de l’arrière-plan de la console.&nbsp;<br>&nbsp;- COMP Compare les contenus de deux fichiers ou groupes de fichiers.&nbsp;<br>&nbsp;- COMPACT Modifie ou affiche la compression des fichiers sur une partition NTFS.&nbsp;<br>&nbsp;- CONVERT Convertit des volumes FAT en volumes NTFS. Vous ne pouvez pas convertir le lecteur en cours d’utilisation.&nbsp;<br>&nbsp;- COPY Copie un ou plusieurs fichiers.&nbsp;<br>&nbsp;- CSCRIPT Permet l’exécution d’un script au moyen de Windows Script Host.&nbsp;<br>&nbsp;- DATE Affiche ou modifie la date.&nbsp;<br>&nbsp;- DEL Supprime un ou plusieurs fichiers.&nbsp;<br>&nbsp;- DIR Affiche la liste des fichiers et des sous répertoires d’un répertoire. DISKCOMP Compare les contenus de deux disquettes.&nbsp;<br>&nbsp;- DISKCOPY Copie le contenu d’une disquette sur une autre.&nbsp;<br>&nbsp;- DISKPART Depuis MS-DOS, vous utilisiez FDISK afin de modifier, créer ou supprimer toutes vos petites partitions. Seulement pour le NTFS, il n’y avait pas d’outil, et bien si. Cet outil se nomme DISKPART et est disponible sous Windows XP.<br>&nbsp; - DISKPERF Active ou désactive les compteurs de performance de disque.&nbsp;<br>&nbsp;- DNSCMD Permet de créer une nouvelle zone DNS.&nbsp;<br>&nbsp;- DOSKEY Modifie les lignes de commande, rappelle des commandes windows, et permet de créer des macros.&nbsp;<br>&nbsp;- DRIVERQUERY Affichage des différents drivers et de leurs propriétés.&nbsp;<br>&nbsp;- ECHO Affiche des messages à l’écran ou active/désactive l’affichage des commandes.&nbsp;<br>&nbsp;- ENDLOCAL Stoppe la localisation des modifications de l’environnement dans un fichier de commandes.&nbsp;<br>&nbsp;- ERASE Supprime un ou plusieurs fichiers.&nbsp;<br>&nbsp;- EVENTCREATE Permet à un administrateur de créer un message et un identificateur d’événements personnalisés dans un journal d’événement spécifié sous Windows XP.&nbsp;<br>&nbsp;- EVENTTRIGGERS Permet à un administrateur d’afficher et de configurer les \"déclencheurs d’événements\" sur des ordinateurs locaux ou distants sous Windows XP.&nbsp;<br>&nbsp;- EXIT Quitte l’interpréteur de commandes (CMD.EXE).&nbsp;<br>&nbsp;- EXPAND Décompresse un ou plusieurs fichiers compressés. FC Compare deux fichiers ou groupes de fichiers, et affiche les différences entre eux. FIND Cherche une chaîne de caractères dans un ou plusieurs fichiers.&nbsp;<br>&nbsp;- FINDSTR Cherche des chaînes de caractères dans un ou plusieurs fichiers.&nbsp;<br>&nbsp;- FOR Exécute une commande sur chaque fichier d’un groupe de fichiers.&nbsp;<br>&nbsp;- FORMAT Formate un disque pour utilisation avec Windows.&nbsp;<br>&nbsp;- FSUTIL Affichage ou configuration des différentes propriétés système.&nbsp;<br>&nbsp;- FTP Transfère des fichiers vers et à partir d’un ordinateur exécutant un service FTP FTYPE Affiche ou modifie les types de fichiers utilisés dans les associations d’extensions.&nbsp;<br>&nbsp;- GOTO Poursuit l’exécution d’un fichier de commandes à une ligne identifiée par une étiquette.&nbsp;<br>&nbsp;- GPRESULT Affichage des autorisations pour une machine ou pour un utilisateur.&nbsp;<br>&nbsp;- GRAFTABL Permet à Windows d’afficher un jeu de caractères en mode graphique.&nbsp;<br>&nbsp;- HELP Affiche des informations sur les commandes de Windows.&nbsp;<br>&nbsp;- HOSTNAME Affiche le nom de l’ordinateur actif. Hostname n’est disponible que si le protocole TCP/IP a été installé.&nbsp;<br>&nbsp;- ICACLS Affiche, modifie, sauvegarde ou restaure les ACLs (Listes de Contrôle d’Accès) pour des fichiers ou des répertoires. IF Effectue un traitement conditionnel dans un fichier de commandes.&nbsp;<br>&nbsp;-<strong> IPCONFIG</strong> Affiche la configuration IP de Windows.&nbsp;<br>&nbsp; &nbsp; &nbsp; &nbsp; &nbsp; &nbsp; &nbsp; &nbsp; &nbsp; &nbsp; &nbsp;- Cmd /k Ipconfig peut-être effectué à partir de la commande Exécuter.&nbsp;<br>&nbsp; &nbsp; &nbsp; &nbsp; &nbsp; &nbsp; &nbsp; &nbsp; &nbsp; &nbsp; &nbsp;- IPCONFIG /all affiche les informations détaillées de votre configuration0&nbsp;<br>&nbsp; &nbsp; &nbsp; &nbsp; &nbsp; &nbsp; &nbsp; &nbsp; &nbsp; &nbsp; &nbsp;- IP IPCONFIG /flushdns vide le cache de la résolution DNS.&nbsp;<br>&nbsp; &nbsp; &nbsp; &nbsp; &nbsp; &nbsp; &nbsp; &nbsp; &nbsp; &nbsp; &nbsp;- IP CONFIG /renew renouvel le baud dhcp .<br>&nbsp; &nbsp; &nbsp; &nbsp; &nbsp; &nbsp; &nbsp; &nbsp; &nbsp; &nbsp; &nbsp;- IPV6 Permet d’activer sur un réseau IPv6, ne fonctionne qu’avec Windows XP minimum.&nbsp;<br>&nbsp;- JVIEW Chargeur de lignes de commande pour Java.&nbsp;<br>&nbsp;- LABEL Crée, modifie ou supprime le nom de volume d’un disque.&nbsp;<br>&nbsp;- MAKECAB Permet de créer des fichiers .CAB MD Crée un répertoire.&nbsp;<br>&nbsp;- MEM Affiche les quantités de mémoire utilisée et libre sur votre système.&nbsp;<br>&nbsp;- MKDIR Crée un répertoire. µ<br>&nbsp;- MKLINK Crée des liens symboliques ou physiques.&nbsp;<br>&nbsp;- MODE Configure un périphérique du système.&nbsp;<br>&nbsp;- MORE Affiche la sortie écran par écran.&nbsp;<br>&nbsp;- MOUNTVOL Créé, supprime ou affiche les informations d’un point de montage de volume.&nbsp;<br>&nbsp;- MOVE Déplace un ou plusieurs fichiers d’un répertoire à un autre.&nbsp;<br>&nbsp;- NBTSTAT Affiche les statistiques du protocole et les connexions TCP/IP actuelles utilisant NBT (NetBIOS sur TCP/IP)<br>&nbsp;- NBTSTAT -c Affichera le cache des noms NETBIOS,&nbsp;<br>&nbsp; &nbsp; &nbsp; &nbsp; &nbsp; &nbsp; &nbsp; &nbsp; &nbsp; &nbsp; &nbsp; &nbsp;- NBTSTAT -R la rechargera&nbsp;<br>&nbsp;- <strong>NET</strong> Permet de passer des commandes sur le réseau.&nbsp;<br>&nbsp; &nbsp; &nbsp; &nbsp; &nbsp; &nbsp; &nbsp; &nbsp; &nbsp; &nbsp; &nbsp; &nbsp;- NET HELP pour afficher toutes les commandes disponibles.&nbsp;<br>&nbsp; &nbsp; &nbsp; &nbsp; &nbsp; &nbsp; &nbsp; &nbsp; &nbsp; &nbsp; &nbsp; &nbsp;- NET START [Service] Permet de démarrer un service.&nbsp;<br>&nbsp; &nbsp; &nbsp; &nbsp; &nbsp; &nbsp; &nbsp; &nbsp; &nbsp; &nbsp; &nbsp; &nbsp;- NETSH Utilitaire NetShell&nbsp;<br>&nbsp; &nbsp; &nbsp; &nbsp; &nbsp; &nbsp; &nbsp; &nbsp; &nbsp; &nbsp; &nbsp; &nbsp;- NETSTAT Affiche des statistiques et les connexions actives.&nbsp;<br>&nbsp; &nbsp; &nbsp; &nbsp; &nbsp; &nbsp; &nbsp; &nbsp; &nbsp; &nbsp; &nbsp; &nbsp;- NET USE utilise une adresse réseau pour ouvrir un lecteur en lui attribuant une lettre<br>&nbsp; &nbsp; &nbsp; &nbsp; &nbsp; &nbsp; &nbsp; &nbsp; &nbsp; &nbsp; &nbsp; &nbsp;- NET USER permet de gérer les utilisateurs<br>&nbsp;- NLSFUNC Charge en mémoire les informations spécifiques à un pays.&nbsp;<br>&nbsp;- NSLOOKUP Affiche des informations sur le DNS. &nbsp;Après avoir entré Nslookup, après le signe &gt; taper ? pour avoir le détail de la commande.&nbsp;<br>&nbsp;- OPENFILES Affiche les fichiers ouverts partagés ou accédés à distance.&nbsp;<br>&nbsp;- PATH Affiche ou définit le chemin de recherche des fichiers exécutables.&nbsp;<br>&nbsp;- PATHPING Outil de trace qui combine les caractéristiques du ping et de tracert avec des informations additionnelles.<br>&nbsp;- PAUSE Interrompt l’exécution d’un fichier de commandes et affiche un message.&nbsp;<br>&nbsp;- PENTNT Met en évidence la présence pour l’ordinateur local de l’erreur de division en virgule flottante du processeur Pentium d’Intel.&nbsp;<br>&nbsp;- PING Affiche les informations de connexion à une autre machine.&nbsp;<br>&nbsp;- PUSHD Enregistre le répertoire courant puis le modifie.&nbsp;<br>&nbsp;- POPD Restaure la valeur précédente du répertoire courant enregistré par PUSHD.&nbsp;<br>&nbsp;- PRINT Imprime un fichier texte.&nbsp;<br>&nbsp;- PROMPT Modifie l’invite de commandes de Windows.&nbsp;<br>&nbsp;- RCP Copie les fichiers depuis et vers l’ordinateur exécutant le service RCP.&nbsp;<br>&nbsp;- RD Supprime un répertoire.&nbsp;<br>&nbsp;- <strong>RECOVER</strong> Récupère l’information lisible d’un disque défectueux.&nbsp;<br>&nbsp;- REG Outil de Registre de la console pour Windows, permet d’ajouter, modifier, supprimer, etc. des clés de registre.&nbsp;<br>&nbsp;- REM Insère un commentaire dans un fichier de commandes ou CONFIG.SYS.&nbsp;<br>&nbsp;- REN Renomme un ou plusieurs fichiers.&nbsp;<br>&nbsp;- RENAME Renomme un ou plusieurs fichiers.&nbsp;<br>- REPLACE Remplace des fichiers.&nbsp;<br>&nbsp;- REXEC Exécute des commandes sur des hôtes distants exécutant le service REXEC.&nbsp;<br>&nbsp; &nbsp; &nbsp; &nbsp; &nbsp; &nbsp; &nbsp; &nbsp; &nbsp; &nbsp; &nbsp; &nbsp; &nbsp; &nbsp; &nbsp;Rexec authentifie l’utilisateur sur l’hôte distant avant d’exécuter la commande spécifiée.&nbsp;<br>&nbsp;- RMDIR Supprime un répertoire.&nbsp;<br>&nbsp;- <strong>ROBOCOPY</strong> Utilitaire avancé permettant de recopier des fichiers ainsi que des répertoires.&nbsp;<br>&nbsp;- ROUTE Manipule les tables de routage du réseau.&nbsp;<br>&nbsp;- RSH Exécute des commandes sur des hôtes distants exécutant le service RSH.&nbsp;<br>&nbsp;- SC Affiche ou configure des services (taches de fond)&nbsp;<br>&nbsp;- <strong>SCHTASKS</strong> Permet sous Windows XP et Windows Vista, à un administrateur de créer, supprimer, effectuer des requêtes, modifier, exécuter et mettre fin à des tâches planifiées sur un système local ou distant. Remplace AT.exe.&nbsp;<br>&nbsp;- SET Affiche, définit ou supprime des variables d’environnement Windows.&nbsp;<br>&nbsp;- SETLOCAL Commence la localisation des changements de l’environnement dans un fichier de commandes.&nbsp;<br>&nbsp;- SETVER Définit le numéro de version que MS-DOS fournit à un programme.&nbsp;<br>&nbsp;- SFC Vérifie les fichiers système protégés (FSP) et remplace les fichiers de version incorrecte par les versions correctes.<br>&nbsp;- SHIFT Modifie la position des paramètres remplaçables dans un fichier de commandes.&nbsp;<br>&nbsp;- <strong>SHUTDOWN</strong> Permet d’effectuer l’arrêt local ou à distance d’une machine. &nbsp;<br>&nbsp; &nbsp; &nbsp; &nbsp; &nbsp; &nbsp; &nbsp; &nbsp; &nbsp; &nbsp; &nbsp; &nbsp; &nbsp;- SCHUTDOWN /r fait un reboot&nbsp;<br>&nbsp;- SORT Trie les éléments en entrée.&nbsp;<br>&nbsp;- START Lance une fenêtre pour l’exécution du programme ou de la commande.&nbsp;<br>&nbsp;- SUBST Affecte une lettre de lecteur à un chemin d’accès.&nbsp;<br>&nbsp;- <strong>SYSTEMINFO</strong> Permet à l’administrateur d’afficher les informations de base de la configuration système.&nbsp;<br>&nbsp;- <strong>TAKEOWN</strong> Permet à un administrateur de récupérer l’accès à un fichier, qui avait été refusé, en réassignant l’appartenance de fichier.&nbsp;<br>&nbsp;- <strong>TASKKILL</strong> Permet de mettre fin à une ou plusieurs tâches ou processus.&nbsp;<br>&nbsp;- TASKLIST Affiche la liste des applications et tâches ou processus associés actuellement activés sur un système à distance&nbsp;<br>&nbsp;- TFTP Transfère les fichiers depuis et vers un ordinateur distant exécutant le service TFTP.&nbsp;<br>&nbsp;- TIME Affiche ou définit l’heure de l’horloge interne du système.&nbsp;<br>&nbsp;- TITLE Définit le titre de la fenêtre pour une session CMD.EXE.&nbsp;<br>&nbsp;- <strong>TRACERT</strong> Détermination d’un itinéraire en IPv4.&nbsp;<br>&nbsp;- <strong>TRACERT6</strong> Détermination d’un itinéraire en IPv6.&nbsp;<br>&nbsp;- TREE Représente graphiquement l’arborescence d’un lecteur ou d’un chemin. TYPE Affiche le contenu d’un fichier texte.&nbsp;<br>&nbsp;- TYPEPERF Ecrit des données de performances à la ligne de commande ou un fichier journal compatible Moniteur système.&nbsp;<br>&nbsp;- <strong>VER</strong> Affiche le numéro de version de Windows.&nbsp;<br>&nbsp;- <strong>VERIFY</strong> Indique à Windows s’il doit ou non vérifier que les fichiers sont écrits correctement sur un disque donné.&nbsp;<br>&nbsp;- VOL Affiche le nom et le numéro de série du volume.&nbsp;<br>&nbsp;- WMIC Windows Management Instrumentation Command-Line.<br>&nbsp;- XCOPY Copie des fichiers et des arborescences de répertoires.&nbsp;</p>');

-- --------------------------------------------------------

--
-- Structure de la table `prices`
--

DROP TABLE IF EXISTS `prices`;
CREATE TABLE IF NOT EXISTS `prices` (
  `id` int NOT NULL AUTO_INCREMENT,
  `price_name` varchar(255) COLLATE utf8_unicode_ci NOT NULL,
  `price_content` longtext COLLATE utf8_unicode_ci,
  PRIMARY KEY (`id`)
) ENGINE=InnoDB AUTO_INCREMENT=4 DEFAULT CHARSET=utf8 COLLATE=utf8_unicode_ci;

--
-- Déchargement des données de la table `prices`
--

INSERT INTO `prices` (`id`, `price_name`, `price_content`) VALUES
(1, 'UBIQUITI', '<h3><strong>&nbsp; &nbsp; &nbsp; &nbsp; &nbsp; &nbsp; &nbsp; &nbsp; &nbsp; &nbsp; &nbsp; &nbsp; &nbsp; &nbsp; &nbsp; &nbsp; &nbsp; &nbsp; &nbsp; &nbsp; &nbsp; &nbsp; &nbsp; &nbsp; &nbsp; &nbsp; &nbsp; &nbsp; &nbsp; &nbsp; &nbsp; &nbsp; &nbsp; &nbsp; &nbsp; &nbsp; &nbsp; &nbsp; &nbsp; &nbsp; &nbsp; &nbsp; &nbsp; WIFI</strong></h3><figure class=\"table\"><table><tbody><tr><td>WIFI 6 PRO</td><td>300HT</td></tr><tr><td>WIFI 6 LR</td><td>300HT</td></tr><tr><td>Alim 802.3AT<br>+ 2 Cordons</td><td>40HT</td></tr></tbody></table></figure><h3><strong>&nbsp; &nbsp; &nbsp; &nbsp; &nbsp; &nbsp; &nbsp; &nbsp; &nbsp; &nbsp; &nbsp; &nbsp; &nbsp; &nbsp; &nbsp; &nbsp; &nbsp; &nbsp; &nbsp; &nbsp; &nbsp; &nbsp; &nbsp; &nbsp; &nbsp; &nbsp; &nbsp; &nbsp; &nbsp; &nbsp; &nbsp; &nbsp; &nbsp; &nbsp; &nbsp; &nbsp; &nbsp; &nbsp; &nbsp; &nbsp; &nbsp; CAMERAS</strong></h3><figure class=\"table\"><table><tbody><tr><td>Caméra G3 Flex</td><td>170HT</td></tr><tr><td>Adaptateur Faux Plafond</td><td>40HT</td></tr></tbody></table></figure><h3><strong>&nbsp; &nbsp; &nbsp; &nbsp; &nbsp; &nbsp; &nbsp; &nbsp; &nbsp; &nbsp; &nbsp; &nbsp; &nbsp; &nbsp; &nbsp; &nbsp; &nbsp; &nbsp; &nbsp; &nbsp; &nbsp; &nbsp; &nbsp; &nbsp; &nbsp; &nbsp; &nbsp; &nbsp; &nbsp; &nbsp; &nbsp; &nbsp; &nbsp; &nbsp; &nbsp; &nbsp; &nbsp; &nbsp; &nbsp; &nbsp;CONTROLEUR</strong></h3><figure class=\"table\"><table><tbody><tr><td>Console Cloud Key Plus</td><td>250HT</td></tr><tr><td>Dream Machine Pro</td><td>550HT</td></tr></tbody></table></figure><h3>&nbsp; &nbsp; &nbsp; &nbsp; &nbsp; &nbsp; &nbsp; &nbsp; &nbsp; &nbsp; &nbsp; &nbsp; &nbsp; &nbsp; &nbsp; &nbsp; &nbsp; &nbsp; &nbsp; &nbsp; &nbsp; &nbsp; &nbsp; &nbsp; &nbsp; &nbsp; &nbsp; &nbsp; &nbsp; &nbsp; &nbsp; &nbsp; &nbsp; &nbsp; &nbsp; &nbsp; &nbsp; &nbsp; &nbsp; &nbsp;&nbsp;<strong>SWITCHS</strong></h3><figure class=\"table\"><table><tbody><tr><td>Switch Pro 24</td><td>550HT</td></tr><tr><td>&nbsp;</td><td>&nbsp;</td></tr><tr><td>&nbsp;</td><td>&nbsp;</td></tr><tr><td>&nbsp;</td><td>&nbsp;</td></tr><tr><td>&nbsp;</td><td>&nbsp;</td></tr></tbody></table></figure>'),
(2, 'MAIN D\'OEUVRE', '<h3><strong>&nbsp; &nbsp; &nbsp; &nbsp; &nbsp; &nbsp; &nbsp; &nbsp; &nbsp; &nbsp; &nbsp; &nbsp; &nbsp; &nbsp; &nbsp; &nbsp; &nbsp; &nbsp; &nbsp; &nbsp; &nbsp; &nbsp; &nbsp; &nbsp; &nbsp; &nbsp; &nbsp; &nbsp; &nbsp; &nbsp; &nbsp; &nbsp; &nbsp; &nbsp; &nbsp; &nbsp; &nbsp; MAIN D\'OEUVRE</strong></h3><figure class=\"table\"><table><tbody><tr><td>½ Journée</td><td>350HT</td></tr><tr><td>Journée</td><td>700HT</td></tr><tr><td>Installation Système</td><td>110HT</td></tr><tr><td>Clone Système</td><td>110HT</td></tr></tbody></table></figure><p>&nbsp;</p>'),
(3, 'MATERIEL LE PLUS VENDU', '<figure class=\"table\"><table><tbody><tr><td>SSD WD BLUE 250Go&nbsp;</td><td>60HT</td></tr><tr><td>SSD WD BLUE 500Go</td><td>90HT</td></tr><tr><td>&nbsp;</td><td>&nbsp;</td></tr><tr><td>&nbsp;</td><td>&nbsp;</td></tr><tr><td>&nbsp;</td><td>&nbsp;</td></tr><tr><td>&nbsp;</td><td>&nbsp;</td></tr><tr><td>&nbsp;</td><td>&nbsp;</td></tr></tbody></table></figure>');

-- --------------------------------------------------------

--
-- Structure de la table `user`
--

DROP TABLE IF EXISTS `user`;
CREATE TABLE IF NOT EXISTS `user` (
  `id` int NOT NULL AUTO_INCREMENT,
  `username` varchar(180) CHARACTER SET utf8mb4 COLLATE utf8mb4_unicode_ci NOT NULL,
  `roles` json NOT NULL,
  `password` varchar(255) CHARACTER SET utf8mb4 COLLATE utf8mb4_unicode_ci NOT NULL,
  `is_verified` tinyint(1) NOT NULL,
  PRIMARY KEY (`id`),
  UNIQUE KEY `UNIQ_8D93D649F85E0677` (`username`)
) ENGINE=InnoDB DEFAULT CHARSET=utf8mb4 COLLATE=utf8mb4_unicode_ci;

-- --------------------------------------------------------

--
-- Structure de la table `user_society`
--

DROP TABLE IF EXISTS `user_society`;
CREATE TABLE IF NOT EXISTS `user_society` (
  `id` int NOT NULL AUTO_INCREMENT,
  `name` varchar(255) CHARACTER SET utf8mb4 COLLATE utf8mb4_unicode_ci NOT NULL,
  `address` varchar(255) CHARACTER SET utf8mb4 COLLATE utf8mb4_unicode_ci DEFAULT NULL,
  `zip_code` int DEFAULT NULL,
  `city` varchar(255) CHARACTER SET utf8mb4 COLLATE utf8mb4_unicode_ci DEFAULT NULL,
  `user_id` int DEFAULT NULL,
  PRIMARY KEY (`id`),
  UNIQUE KEY `UNIQ_55697FF8A76ED395` (`user_id`)
) ENGINE=InnoDB DEFAULT CHARSET=utf8mb4 COLLATE=utf8mb4_unicode_ci;

--
-- Contraintes pour les tables déchargées
--

--
-- Contraintes pour la table `documentation`
--
ALTER TABLE `documentation`
  ADD CONSTRAINT `FK_73D5A93B4CA4FD72` FOREIGN KEY (`customers_id_id`) REFERENCES `customers` (`id`);

--
-- Contraintes pour la table `user_society`
--
ALTER TABLE `user_society`
  ADD CONSTRAINT `FK_55697FF8A76ED395` FOREIGN KEY (`user_id`) REFERENCES `user` (`id`);
COMMIT;

/*!40101 SET CHARACTER_SET_CLIENT=@OLD_CHARACTER_SET_CLIENT */;
/*!40101 SET CHARACTER_SET_RESULTS=@OLD_CHARACTER_SET_RESULTS */;
/*!40101 SET COLLATION_CONNECTION=@OLD_COLLATION_CONNECTION */;
